<?xml version="1.0" encoding="UTF-8" standalone="no"?>
<galaxy>
    <star blackHole="false" name="Sol" numGasGiants="0" numPlanets="0" size="1.0" temp="100" x="0" y="0">
        <planet DIMID="0" dimMapping="" name="Earth">
            <isKnown>true</isKnown>
            <fogColor>1.0,1.0,1.0</fogColor>
            <skyColor>1.0,1.0,1.0</skyColor>
            <gravitationalMultiplier>100</gravitationalMultiplier>
            <orbitalDistance>100</orbitalDistance>
            <orbitalTheta>0</orbitalTheta>
            <orbitalPhi>0</orbitalPhi>
            <avgTemperature>287</avgTemperature>
            <rotationalPeriod>24000</rotationalPeriod>
            <atmosphereDensity>100</atmosphereDensity>
            <generateCraters>false</generateCraters>
            <generateVolcanos>false</generateVolcanos>
            <generateStructures>false</generateStructures>
            <generateGeodes>false</generateGeodes>
            <planet DIMID="3" name="Luna">
                <isKnown>false</isKnown>
                <fogColor>1.0,1.0,1.0</fogColor>
                <skyColor>1.0,1.0,1.0</skyColor>
                <gravitationalMultiplier>16</gravitationalMultiplier>
                <orbitalDistance>150</orbitalDistance>
                <orbitalTheta>0</orbitalTheta>
                <orbitalPhi>10</orbitalPhi>
                <avgTemperature>255</avgTemperature>
                <rotationalPeriod>128000</rotationalPeriod>
                <atmosphereDensity>0</atmosphereDensity>
                <generateCraters>true</generateCraters>
                <generateVolcanos>false</generateVolcanos>
                <generateStructures>false</generateStructures>
                <generateGeodes>false</generateGeodes>
                <craterFrequencyMultiplier>1.0</craterFrequencyMultiplier>
                <biomeIds>advancedrocketry:moon,advancedrocketry:moondark</biomeIds>
            </planet>
        </planet>
        <planet DIMID="18" name="Sol-18">
            <isKnown>false</isKnown>
            <fogColor>1.0,1.0,1.0</fogColor>
            <skyColor>0.8,0.6578866,0.86332995</skyColor>
            <gravitationalMultiplier>128</gravitationalMultiplier>
            <orbitalDistance>125</orbitalDistance>
            <orbitalTheta>174</orbitalTheta>
            <orbitalPhi>-359</orbitalPhi>
            <avgTemperature>228</avgTemperature>
            <rotationalPeriod>11444</rotationalPeriod>
            <atmosphereDensity>59</atmosphereDensity>
            <generateCraters>true</generateCraters>
            <generateVolcanos>false</generateVolcanos>
            <generateStructures>false</generateStructures>
            <generateGeodes>false</generateGeodes>
            <craterFrequencyMultiplier>1.0</craterFrequencyMultiplier>
            <biomeIds>thaumcraft:eldritch,twilightforest:firefly_forest,minecraft:mutated_savanna_rock,biomesoplenty:shrubland,minecraft:beaches</biomeIds>
            <planet DIMID="19" name="Sol-18: 0">
                <isKnown>false</isKnown>
                <fogColor>1.0,1.0,1.0</fogColor>
                <skyColor>0.8,0.9932252,0.8679304</skyColor>
                <gravitationalMultiplier>52</gravitationalMultiplier>
                <orbitalDistance>113</orbitalDistance>
                <orbitalTheta>249</orbitalTheta>
                <orbitalPhi>0</orbitalPhi>
                <avgTemperature>240</avgTemperature>
                <rotationalPeriod>170687</rotationalPeriod>
                <atmosphereDensity>15</atmosphereDensity>
                <generateCraters>true</generateCraters>
                <generateVolcanos>false</generateVolcanos>
                <generateStructures>false</generateStructures>
                <generateGeodes>false</generateGeodes>
                <craterFrequencyMultiplier>1.0</craterFrequencyMultiplier>
                <biomeIds>advancedrocketry:moon,advancedrocketry:moondark</biomeIds>
            </planet>
        </planet>
        <planet DIMID="20" name="Sol-20">
            <isKnown>false</isKnown>
            <fogColor>1.0,1.0,1.0</fogColor>
            <skyColor>0.8,0.5009619,0.72315574</skyColor>
            <gravitationalMultiplier>104</gravitationalMultiplier>
            <orbitalDistance>98</orbitalDistance>
            <orbitalTheta>235</orbitalTheta>
            <orbitalPhi>-112</orbitalPhi>
            <avgTemperature>290</avgTemperature>
            <rotationalPeriod>20150</rotationalPeriod>
            <atmosphereDensity>132</atmosphereDensity>
            <generateCraters>false</generateCraters>
            <generateVolcanos>false</generateVolcanos>
            <generateStructures>true</generateStructures>
            <generateGeodes>true</generateGeodes>
            <geodefrequencyMultiplier>1.0</geodefrequencyMultiplier>
            <biomeIds>biomesoplenty:tropical_rainforest,advancedrocketry:volcanicbarren,minecraft:mutated_savanna_rock,biomesoplenty:fungi_forest,biomesoplenty:lush_desert</biomeIds>
            <planet DIMID="21" name="Sol-20: 0">
                <isKnown>false</isKnown>
                <fogColor>1.0,1.0,1.0</fogColor>
                <skyColor>0.8,0.82845694,0.9463927</skyColor>
                <gravitationalMultiplier>48</gravitationalMultiplier>
                <orbitalDistance>163</orbitalDistance>
                <orbitalTheta>135</orbitalTheta>
                <orbitalPhi>-89</orbitalPhi>
                <avgTemperature>200</avgTemperature>
                <rotationalPeriod>217013</rotationalPeriod>
                <atmosphereDensity>30</atmosphereDensity>
                <generateCraters>true</generateCraters>
                <generateVolcanos>false</generateVolcanos>
                <generateStructures>false</generateStructures>
                <generateGeodes>false</generateGeodes>
                <craterFrequencyMultiplier>1.0</craterFrequencyMultiplier>
                <biomeIds>biomesoplenty:brushland,minecraft:birch_forest,biomesoplenty:orchard,twilightforest:firefly_forest,jeid:error_biome</biomeIds>
            </planet>
            <planet DIMID="22" name="Sol-20: 1">
                <isKnown>false</isKnown>
                <fogColor>1.0,1.0,1.0</fogColor>
                <skyColor>0.8,0.80923116,0.93809295</skyColor>
                <gravitationalMultiplier>75</gravitationalMultiplier>
                <orbitalDistance>140</orbitalDistance>
                <orbitalTheta>57</orbitalTheta>
                <orbitalPhi>-150</orbitalPhi>
                <avgTemperature>216</avgTemperature>
                <rotationalPeriod>56888</rotationalPeriod>
                <atmosphereDensity>29</atmosphereDensity>
                <generateCraters>true</generateCraters>
                <generateVolcanos>false</generateVolcanos>
                <generateStructures>false</generateStructures>
                <generateGeodes>false</generateGeodes>
                <craterFrequencyMultiplier>1.0</craterFrequencyMultiplier>
                <biomeIds>advancedrocketry:crystalchasms</biomeIds>
            </planet>
        </planet>
        <planet DIMID="5" name="Sol-5">
            <isKnown>false</isKnown>
            <GasGiant>true</GasGiant>
            <gas>oxygen</gas>
            <gas>hydrogen</gas>
            <gas>nitrogen</gas>
            <fogColor>1.0,1.0,1.0</fogColor>
            <skyColor>1.0,1.0,1.0</skyColor>
            <gravitationalMultiplier>100</gravitationalMultiplier>
            <orbitalDistance>234</orbitalDistance>
            <orbitalTheta>0</orbitalTheta>
            <orbitalPhi>0</orbitalPhi>
            <avgTemperature>188</avgTemperature>
            <rotationalPeriod>24000</rotationalPeriod>
            <atmosphereDensity>151</atmosphereDensity>
            <generateCraters>false</generateCraters>
            <generateVolcanos>false</generateVolcanos>
            <generateStructures>false</generateStructures>
            <generateGeodes>false</generateGeodes>
        </planet>
        <planet DIMID="6" name="Sol-6">
            <isKnown>false</isKnown>
            <fogColor>1.0,1.0,1.0</fogColor>
            <skyColor>0.8,0.8134031,0.048921525</skyColor>
            <gravitationalMultiplier>91</gravitationalMultiplier>
            <orbitalDistance>37</orbitalDistance>
            <orbitalTheta>258</orbitalTheta>
            <orbitalPhi>-275</orbitalPhi>
            <avgTemperature>473</avgTemperature>
            <rotationalPeriod>31848</rotationalPeriod>
            <atmosphereDensity>124</atmosphereDensity>
            <generateCraters>false</generateCraters>
            <generateVolcanos>true</generateVolcanos>
            <generateStructures>false</generateStructures>
            <generateGeodes>false</generateGeodes>
            <volcanoFrequencyMultiplier>1.0</volcanoFrequencyMultiplier>
            <biomeIds>advancedrocketry:hotdryrock,advancedrocketry:volcanic,advancedrocketry:volcanicbarren</biomeIds>
            <oceanBlock>minecraft:lava</oceanBlock>
        </planet>
        <planet DIMID="23" name="Sol-23">
            <isKnown>false</isKnown>
            <fogColor>1.0,1.0,1.0</fogColor>
            <skyColor>0.8,0.5702736,0.6393299</skyColor>
            <gravitationalMultiplier>89</gravitationalMultiplier>
            <orbitalDistance>88</orbitalDistance>
            <orbitalTheta>64</orbitalTheta>
            <orbitalPhi>-85</orbitalPhi>
            <avgTemperature>306</avgTemperature>
            <rotationalPeriod>34044</rotationalPeriod>
            <atmosphereDensity>123</atmosphereDensity>
            <generateCraters>false</generateCraters>
            <generateVolcanos>false</generateVolcanos>
            <generateStructures>true</generateStructures>
            <generateGeodes>false</generateGeodes>
            <biomeIds>biomesoplenty:land_of_lakes,biomesoplenty:pasture,advancedrocketry:oceanspires,minecraft:savanna,minecraft:mutated_redwood_taiga</biomeIds>
        </planet>
        <planet DIMID="8" name="Sol-8">
            <isKnown>false</isKnown>
            <fogColor>1.0,1.0,1.0</fogColor>
            <skyColor>0.8,0.8965371,0.86330247</skyColor>
            <gravitationalMultiplier>90</gravitationalMultiplier>
            <orbitalDistance>148</orbitalDistance>
            <orbitalTheta>177</orbitalTheta>
            <orbitalPhi>198</orbitalPhi>
            <avgTemperature>236</avgTemperature>
            <rotationalPeriod>32921</rotationalPeriod>
            <atmosphereDensity>117</atmosphereDensity>
            <generateCraters>false</generateCraters>
            <generateVolcanos>false</generateVolcanos>
            <generateStructures>false</generateStructures>
            <generateGeodes>false</generateGeodes>
            <biomeIds>minecraft:desert_hills,twilightforest:twilight_forest,minecraft:mutated_savanna,biomesoplenty:fungi_forest,erebus:volcanic_desert</biomeIds>
        </planet>
        <planet DIMID="24" name="Sol-24">
            <isKnown>false</isKnown>
            <fogColor>1.0,1.0,1.0</fogColor>
            <skyColor>0.8,0.92980456,0.6016541</skyColor>
            <gravitationalMultiplier>125</gravitationalMultiplier>
            <orbitalDistance>64</orbitalDistance>
            <orbitalTheta>18</orbitalTheta>
            <orbitalPhi>-277</orbitalPhi>
            <avgTemperature>319</avgTemperature>
            <rotationalPeriod>12288</rotationalPeriod>
            <atmosphereDensity>0</atmosphereDensity>
            <generateCraters>true</generateCraters>
            <generateVolcanos>false</generateVolcanos>
            <generateStructures>false</generateStructures>
            <generateGeodes>false</generateGeodes>
            <craterFrequencyMultiplier>1.0</craterFrequencyMultiplier>
            <biomeIds>advancedrocketry:moon,advancedrocketry:moondark</biomeIds>
            <planet DIMID="25" name="Sol-24: 0">
                <isKnown>false</isKnown>
                <fogColor>1.0,1.0,1.0</fogColor>
                <skyColor>0.8,0.6281111,0.82177067</skyColor>
                <gravitationalMultiplier>81</gravitationalMultiplier>
                <orbitalDistance>115</orbitalDistance>
                <orbitalTheta>154</orbitalTheta>
                <orbitalPhi>-209</orbitalPhi>
                <avgTemperature>238</avgTemperature>
                <rotationalPeriod>45160</rotationalPeriod>
                <atmosphereDensity>13</atmosphereDensity>
                <generateCraters>true</generateCraters>
                <generateVolcanos>false</generateVolcanos>
                <generateStructures>false</generateStructures>
                <generateGeodes>false</generateGeodes>
                <craterFrequencyMultiplier>1.0</craterFrequencyMultiplier>
                <biomeIds>advancedrocketry:moon,advancedrocketry:moondark</biomeIds>
            </planet>
            <planet DIMID="26" name="Sol-24: 1">
                <isKnown>false</isKnown>
                <fogColor>1.0,1.0,1.0</fogColor>
                <skyColor>0.8,0.5187742,0.8216809</skyColor>
                <gravitationalMultiplier>57</gravitationalMultiplier>
                <orbitalDistance>114</orbitalDistance>
                <orbitalTheta>81</orbitalTheta>
                <orbitalPhi>191</orbitalPhi>
                <avgTemperature>239</avgTemperature>
                <rotationalPeriod>129594</rotationalPeriod>
                <atmosphereDensity>24</atmosphereDensity>
                <generateCraters>true</generateCraters>
                <generateVolcanos>false</generateVolcanos>
                <generateStructures>false</generateStructures>
                <generateGeodes>false</generateGeodes>
                <craterFrequencyMultiplier>1.0</craterFrequencyMultiplier>
                <seaLevel>73</seaLevel>
                <biomeIds>advancedrocketry:moon,advancedrocketry:moondark</biomeIds>
                <oceanBlock>advancedrocketry:oxygenfluid</oceanBlock>
            </planet>
            <planet DIMID="27" name="Sol-24: 2">
                <isKnown>false</isKnown>
                <fogColor>1.0,1.0,1.0</fogColor>
                <skyColor>0.8,0.5140781,0.84786445</skyColor>
                <gravitationalMultiplier>48</gravitationalMultiplier>
                <orbitalDistance>112</orbitalDistance>
                <orbitalTheta>209</orbitalTheta>
                <orbitalPhi>248</orbitalPhi>
                <avgTemperature>241</avgTemperature>
                <rotationalPeriod>217013</rotationalPeriod>
                <atmosphereDensity>22</atmosphereDensity>
                <generateCraters>true</generateCraters>
                <generateVolcanos>false</generateVolcanos>
                <generateStructures>false</generateStructures>
                <generateGeodes>false</generateGeodes>
                <craterFrequencyMultiplier>1.0</craterFrequencyMultiplier>
                <biomeIds>advancedrocketry:moon,advancedrocketry:moondark</biomeIds>
            </planet>
        </planet>
        <planet DIMID="9" name="Sol-9">
            <isKnown>false</isKnown>
            <fogColor>1.0,1.0,1.0</fogColor>
            <skyColor>0.8,0.7539959,0.9807314</skyColor>
            <gravitationalMultiplier>90</gravitationalMultiplier>
            <orbitalDistance>169</orbitalDistance>
            <orbitalTheta>257</orbitalTheta>
            <orbitalPhi>-9</orbitalPhi>
            <avgTemperature>196</avgTemperature>
            <rotationalPeriod>32921</rotationalPeriod>
            <atmosphereDensity>0</atmosphereDensity>
            <generateCraters>true</generateCraters>
            <generateVolcanos>false</generateVolcanos>
            <generateStructures>false</generateStructures>
            <generateGeodes>false</generateGeodes>
            <craterFrequencyMultiplier>1.0</craterFrequencyMultiplier>
            <biomeIds>advancedrocketry:moon,advancedrocketry:moondark</biomeIds>
        </planet>
        <planet DIMID="11" name="Sol-11">
            <isKnown>false</isKnown>
            <fogColor>1.0,1.0,1.0</fogColor>
            <skyColor>0.8,0.6707008,0.8288334</skyColor>
            <gravitationalMultiplier>130</gravitationalMultiplier>
            <orbitalDistance>119</orbitalDistance>
            <orbitalTheta>272</orbitalTheta>
            <orbitalPhi>-128</orbitalPhi>
            <avgTemperature>263</avgTemperature>
            <rotationalPeriod>10923</rotationalPeriod>
            <atmosphereDensity>148</atmosphereDensity>
            <generateCraters>false</generateCraters>
            <generateVolcanos>false</generateVolcanos>
            <generateStructures>true</generateStructures>
            <generateGeodes>true</generateGeodes>
            <geodefrequencyMultiplier>1.0</geodefrequencyMultiplier>
            <biomeIds>biomesoplenty:kelp_forest,biomesoplenty:coral_reef,twilightforest:twilight_clearing,biomesoplenty:land_of_lakes,biomesoplenty:snowy_tundra</biomeIds>
            <planet DIMID="12" name="Sol-11: 0">
                <isKnown>false</isKnown>
                <fogColor>1.0,1.0,1.0</fogColor>
                <skyColor>0.8,0.92909783,0.86368805</skyColor>
                <gravitationalMultiplier>79</gravitationalMultiplier>
                <orbitalDistance>125</orbitalDistance>
                <orbitalTheta>62</orbitalTheta>
                <orbitalPhi>-39</orbitalPhi>
                <avgTemperature>228</avgTemperature>
                <rotationalPeriod>48677</rotationalPeriod>
                <atmosphereDensity>27</atmosphereDensity>
                <generateCraters>true</generateCraters>
                <generateVolcanos>false</generateVolcanos>
                <generateStructures>false</generateStructures>
                <generateGeodes>false</generateGeodes>
                <craterFrequencyMultiplier>1.0</craterFrequencyMultiplier>
                <biomeIds>biomesoplenty:rainforest,biomesoplenty:sacred_springs,minecraft:mutated_mesa_clear_rock,biomesoplenty:bayou,biomesoplenty:gravel_beach</biomeIds>
            </planet>
            <planet DIMID="13" name="Sol-11: 1">
                <isKnown>false</isKnown>
                <fogColor>1.0,1.0,1.0</fogColor>
                <skyColor>0.8,0.98839915,0.98894805</skyColor>
                <gravitationalMultiplier>86</gravitationalMultiplier>
                <orbitalDistance>147</orbitalDistance>
                <orbitalTheta>35</orbitalTheta>
                <orbitalPhi>28</orbitalPhi>
                <avgTemperature>211</avgTemperature>
                <rotationalPeriod>37732</rotationalPeriod>
                <atmosphereDensity>33</atmosphereDensity>
                <generateCraters>true</generateCraters>
                <generateVolcanos>false</generateVolcanos>
                <generateStructures>false</generateStructures>
                <generateGeodes>false</generateGeodes>
                <craterFrequencyMultiplier>1.0</craterFrequencyMultiplier>
                <biomeIds>advancedrocketry:crystalchasms</biomeIds>
            </planet>
            <planet DIMID="14" name="Sol-11: 2">
                <isKnown>false</isKnown>
                <fogColor>1.0,1.0,1.0</fogColor>
                <skyColor>0.8,0.9381709,0.8499158</skyColor>
                <gravitationalMultiplier>83</gravitationalMultiplier>
                <orbitalDistance>104</orbitalDistance>
                <orbitalTheta>269</orbitalTheta>
                <orbitalPhi>5</orbitalPhi>
                <avgTemperature>250</avgTemperature>
                <rotationalPeriod>41973</rotationalPeriod>
                <atmosphereDensity>28</atmosphereDensity>
                <generateCraters>true</generateCraters>
                <generateVolcanos>false</generateVolcanos>
                <generateStructures>false</generateStructures>
                <generateGeodes>false</generateGeodes>
                <craterFrequencyMultiplier>1.0</craterFrequencyMultiplier>
                <biomeIds>advancedrocketry:crystalchasms</biomeIds>
            </planet>
        </planet>
        <planet DIMID="15" name="Sol-15">
            <isKnown>false</isKnown>
            <fogColor>1.0,1.0,1.0</fogColor>
            <skyColor>0.8,0.5953098,0.0</skyColor>
            <gravitationalMultiplier>130</gravitationalMultiplier>
            <orbitalDistance>11</orbitalDistance>
            <orbitalTheta>171</orbitalTheta>
            <orbitalPhi>9</orbitalPhi>
            <avgTemperature>771</avgTemperature>
            <rotationalPeriod>10923</rotationalPeriod>
            <atmosphereDensity>55</atmosphereDensity>
            <generateCraters>true</generateCraters>
            <generateVolcanos>true</generateVolcanos>
            <generateStructures>false</generateStructures>
            <generateGeodes>false</generateGeodes>
            <craterFrequencyMultiplier>1.0</craterFrequencyMultiplier>
            <volcanoFrequencyMultiplier>1.0</volcanoFrequencyMultiplier>
            <biomeIds>advancedrocketry:hotdryrock,advancedrocketry:volcanic,advancedrocketry:volcanicbarren</biomeIds>
            <planet DIMID="16" name="Sol-15: 0">
                <isKnown>false</isKnown>
                <fogColor>1.0,1.0,1.0</fogColor>
                <skyColor>0.8,0.53478664,0.92477894</skyColor>
                <gravitationalMultiplier>74</gravitationalMultiplier>
                <orbitalDistance>127</orbitalDistance>
                <orbitalTheta>159</orbitalTheta>
                <orbitalPhi>11</orbitalPhi>
                <avgTemperature>227</avgTemperature>
                <rotationalPeriod>59226</rotationalPeriod>
                <atmosphereDensity>28</atmosphereDensity>
                <generateCraters>true</generateCraters>
                <generateVolcanos>false</generateVolcanos>
                <generateStructures>false</generateStructures>
                <generateGeodes>false</generateGeodes>
                <craterFrequencyMultiplier>1.0</craterFrequencyMultiplier>
                <biomeIds>advancedrocketry:crystalchasms</biomeIds>
            </planet>
            <planet DIMID="17" name="Sol-15: 1">
                <isKnown>false</isKnown>
                <fogColor>1.0,1.0,1.0</fogColor>
                <skyColor>0.8,0.95299256,0.8431754</skyColor>
                <gravitationalMultiplier>81</gravitationalMultiplier>
                <orbitalDistance>120</orbitalDistance>
                <orbitalTheta>48</orbitalTheta>
                <orbitalPhi>-163</orbitalPhi>
                <avgTemperature>233</avgTemperature>
                <rotationalPeriod>45160</rotationalPeriod>
                <atmosphereDensity>29</atmosphereDensity>
                <generateCraters>true</generateCraters>
                <generateVolcanos>false</generateVolcanos>
                <generateStructures>false</generateStructures>
                <generateGeodes>false</generateGeodes>
                <craterFrequencyMultiplier>1.0</craterFrequencyMultiplier>
                <biomeIds>biomesoplenty:flower_island,minecraft:mutated_jungle_edge,minecraft:stone_beach,biomesoplenty:brushland,minecraft:mutated_savanna</biomeIds>
            </planet>
            <oceanBlock>minecraft:lava</oceanBlock>
        </planet>
    </star>
    <star blackHole="false" name="Wolf 12" numGasGiants="0" numPlanets="0" size="1.0" temp="10" x="300" y="-200">
        <planet DIMID="33" name="Sol-33">
            <isKnown>false</isKnown>
            <fogColor>1.0,1.0,1.0</fogColor>
            <skyColor>0.36974996,0.9512919,1.0</skyColor>
            <gravitationalMultiplier>125</gravitationalMultiplier>
            <orbitalDistance>142</orbitalDistance>
            <orbitalTheta>311</orbitalTheta>
            <orbitalPhi>-111</orbitalPhi>
            <avgTemperature>24</avgTemperature>
            <rotationalPeriod>12288</rotationalPeriod>
            <atmosphereDensity>194</atmosphereDensity>
            <generateCraters>false</generateCraters>
            <generateVolcanos>false</generateVolcanos>
            <generateStructures>false</generateStructures>
            <generateGeodes>true</generateGeodes>
            <geodefrequencyMultiplier>1.0</geodefrequencyMultiplier>
            <biomeIds>minecraft:mutated_desert,nuclearcraft:nuclear_wasteland,twilightforest:dense_twilight_forest,twilightforest:oak_savannah,minecraft:mutated_roofed_forest</biomeIds>
            <planet DIMID="34" name="Sol-33: 0">
                <isKnown>false</isKnown>
                <fogColor>1.0,1.0,1.0</fogColor>
                <skyColor>0.3467368,0.55384165,1.0</skyColor>
                <gravitationalMultiplier>70</gravitationalMultiplier>
                <orbitalDistance>112</orbitalDistance>
                <orbitalTheta>269</orbitalTheta>
                <orbitalPhi>14</orbitalPhi>
                <avgTemperature>24</avgTemperature>
                <rotationalPeriod>69970</rotationalPeriod>
                <atmosphereDensity>21</atmosphereDensity>
                <generateCraters>true</generateCraters>
                <generateVolcanos>false</generateVolcanos>
                <generateStructures>false</generateStructures>
                <generateGeodes>false</generateGeodes>
                <craterFrequencyMultiplier>1.0</craterFrequencyMultiplier>
                <seaLevel>52</seaLevel>
                <biomeIds>advancedrocketry:moon,advancedrocketry:moondark</biomeIds>
            </planet>
            <planet DIMID="35" name="Sol-33: 1">
                <isKnown>false</isKnown>
                <fogColor>1.0,1.0,1.0</fogColor>
                <skyColor>0.28793132,0.89724183,1.0</skyColor>
                <gravitationalMultiplier>68</gravitationalMultiplier>
                <orbitalDistance>117</orbitalDistance>
                <orbitalTheta>258</orbitalTheta>
                <orbitalPhi>-115</orbitalPhi>
                <avgTemperature>23</avgTemperature>
                <rotationalPeriod>76328</rotationalPeriod>
                <atmosphereDensity>33</atmosphereDensity>
                <generateCraters>true</generateCraters>
                <generateVolcanos>false</generateVolcanos>
                <generateStructures>false</generateStructures>
                <generateGeodes>false</generateGeodes>
                <craterFrequencyMultiplier>1.0</craterFrequencyMultiplier>
                <biomeIds>biomesoplenty:temperate_rainforest,twilightforest:mushroom_forest,minecraft:roofed_forest,biomesoplenty:mangrove,twilightforest:oak_savannah</biomeIds>
            </planet>
        </planet>
        <planet DIMID="36" name="Sol-36">
            <isKnown>false</isKnown>
            <fogColor>1.0,1.0,1.0</fogColor>
            <skyColor>0.4603415,0.61679935,1.0</skyColor>
            <gravitationalMultiplier>100</gravitationalMultiplier>
            <orbitalDistance>28</orbitalDistance>
            <orbitalTheta>23</orbitalTheta>
            <orbitalPhi>50</orbitalPhi>
            <avgTemperature>54</avgTemperature>
            <rotationalPeriod>24000</rotationalPeriod>
            <atmosphereDensity>134</atmosphereDensity>
            <generateCraters>false</generateCraters>
            <generateVolcanos>false</generateVolcanos>
            <generateStructures>false</generateStructures>
            <generateGeodes>true</generateGeodes>
            <geodefrequencyMultiplier>1.0</geodefrequencyMultiplier>
            <biomeIds>minecraft:beaches,biomesoplenty:orchard,minecraft:extreme_hills_with_trees,advancedrocketry:volcanicbarren,minecraft:mesa_clear_rock</biomeIds>
            <planet DIMID="37" name="Sol-36: 0">
                <isKnown>false</isKnown>
                <fogColor>1.0,1.0,1.0</fogColor>
                <skyColor>0.2916085,0.72656906,1.0</skyColor>
                <gravitationalMultiplier>65</gravitationalMultiplier>
                <orbitalDistance>119</orbitalDistance>
                <orbitalTheta>63</orbitalTheta>
                <orbitalPhi>-129</orbitalPhi>
                <avgTemperature>23</avgTemperature>
                <rotationalPeriod>87391</rotationalPeriod>
                <atmosphereDensity>33</atmosphereDensity>
                <generateCraters>true</generateCraters>
                <generateVolcanos>false</generateVolcanos>
                <generateStructures>false</generateStructures>
                <generateGeodes>false</generateGeodes>
                <craterFrequencyMultiplier>1.0</craterFrequencyMultiplier>
                <biomeIds>minecraft:mutated_extreme_hills_with_trees,twilightforest:twilight_stream,minecraft:mutated_roofed_forest,minecraft:stone_beach,twilightforest:dark_forest_center</biomeIds>
            </planet>
        </planet>
        <planet DIMID="28" name="Sol-28">
            <isKnown>false</isKnown>
            <fogColor>1.0,1.0,1.0</fogColor>
            <skyColor>0.3521266,0.6018927,1.0</skyColor>
            <gravitationalMultiplier>130</gravitationalMultiplier>
            <orbitalDistance>74</orbitalDistance>
            <orbitalTheta>137</orbitalTheta>
            <orbitalPhi>2</orbitalPhi>
            <avgTemperature>33</avgTemperature>
            <rotationalPeriod>10923</rotationalPeriod>
            <atmosphereDensity>122</atmosphereDensity>
            <generateCraters>false</generateCraters>
            <generateVolcanos>false</generateVolcanos>
            <generateStructures>false</generateStructures>
            <generateGeodes>false</generateGeodes>
            <seaLevel>74</seaLevel>
            <biomeIds>twilightforest:enchanted_forest,advancedrocketry:oceanspires,minecraft:mesa_clear_rock,biomesoplenty:shrubland,biomesoplenty:bayou</biomeIds>
        </planet>
        <planet DIMID="29" name="Sol-29">
            <isKnown>false</isKnown>
            <fogColor>1.0,1.0,1.0</fogColor>
            <skyColor>0.28450066,0.5537554,1.0</skyColor>
            <gravitationalMultiplier>121</gravitationalMultiplier>
            <orbitalDistance>130</orbitalDistance>
            <orbitalTheta>261</orbitalTheta>
            <orbitalPhi>-232</orbitalPhi>
            <avgTemperature>25</avgTemperature>
            <rotationalPeriod>13547</rotationalPeriod>
            <atmosphereDensity>100</atmosphereDensity>
            <generateCraters>false</generateCraters>
            <generateVolcanos>false</generateVolcanos>
            <generateStructures>false</generateStructures>
            <generateGeodes>false</generateGeodes>
            <seaLevel>53</seaLevel>
            <biomeIds>biomesoplenty:lush_desert,minecraft:jungle_hills,biomesoplenty:redwood_forest,erebus:underground_jungle,erebus:fungal_forest</biomeIds>
            <planet DIMID="30" name="Sol-29: 0">
                <isKnown>false</isKnown>
                <fogColor>1.0,1.0,1.0</fogColor>
                <skyColor>0.2674113,0.8187196,1.0</skyColor>
                <gravitationalMultiplier>48</gravitationalMultiplier>
                <orbitalDistance>169</orbitalDistance>
                <orbitalTheta>111</orbitalTheta>
                <orbitalPhi>-162</orbitalPhi>
                <avgTemperature>19</avgTemperature>
                <rotationalPeriod>217013</rotationalPeriod>
                <atmosphereDensity>31</atmosphereDensity>
                <generateCraters>true</generateCraters>
                <generateVolcanos>false</generateVolcanos>
                <generateStructures>false</generateStructures>
                <generateGeodes>false</generateGeodes>
                <craterFrequencyMultiplier>1.0</craterFrequencyMultiplier>
                <biomeIds>minecraft:mutated_mesa_clear_rock,biomesoplenty:corrupted_sands,biomesoplenty:sacred_springs,biomesoplenty:mangrove,biomesoplenty:kelp_forest</biomeIds>
            </planet>
        </planet>
        <planet DIMID="31" name="Sol-31">
            <isKnown>false</isKnown>
            <fogColor>1.0,1.0,1.0</fogColor>
            <skyColor>0.2750106,0.9301017,1.0</skyColor>
            <gravitationalMultiplier>130</gravitationalMultiplier>
            <orbitalDistance>162</orbitalDistance>
            <orbitalTheta>292</orbitalTheta>
            <orbitalPhi>-98</orbitalPhi>
            <avgTemperature>20</avgTemperature>
            <rotationalPeriod>10923</rotationalPeriod>
            <atmosphereDensity>74</atmosphereDensity>
            <generateCraters>true</generateCraters>
            <generateVolcanos>false</generateVolcanos>
            <generateStructures>false</generateStructures>
            <generateGeodes>false</generateGeodes>
            <craterFrequencyMultiplier>1.0</craterFrequencyMultiplier>
            <biomeIds>minecraft:mutated_desert,minecraft:savanna,minecraft:mutated_jungle,biomesoplenty:lush_swamp,minecraft:mutated_birch_forest_hills</biomeIds>
            <planet DIMID="32" name="Sol-31: 0">
                <isKnown>false</isKnown>
                <fogColor>1.0,1.0,1.0</fogColor>
                <skyColor>0.28625935,0.67105496,1.0</skyColor>
                <gravitationalMultiplier>42</gravitationalMultiplier>
                <orbitalDistance>196</orbitalDistance>
                <orbitalTheta>130</orbitalTheta>
                <orbitalPhi>22</orbitalPhi>
                <avgTemperature>18</avgTemperature>
                <rotationalPeriod>323939</rotationalPeriod>
                <atmosphereDensity>17</atmosphereDensity>
                <generateCraters>true</generateCraters>
                <generateVolcanos>false</generateVolcanos>
                <generateStructures>false</generateStructures>
                <generateGeodes>false</generateGeodes>
                <craterFrequencyMultiplier>1.0</craterFrequencyMultiplier>
                <biomeIds>advancedrocketry:moon,advancedrocketry:moondark</biomeIds>
            </planet>
        </planet>
    </star>
    <star blackHole="false" name="Epsilon ire" numGasGiants="0" numPlanets="0" size="1.0" temp="170" x="-200" y="80">
        <planet DIMID="48" name="Sol-48">
            <isKnown>false</isKnown>
            <fogColor>1.0,1.0,1.0</fogColor>
            <skyColor>0.8,0.6910025,0.0</skyColor>
            <gravitationalMultiplier>104</gravitationalMultiplier>
            <orbitalDistance>24</orbitalDistance>
            <orbitalTheta>264</orbitalTheta>
            <orbitalPhi>3</orbitalPhi>
            <avgTemperature>998</avgTemperature>
            <rotationalPeriod>20150</rotationalPeriod>
            <atmosphereDensity>147</atmosphereDensity>
            <generateCraters>false</generateCraters>
            <generateVolcanos>true</generateVolcanos>
            <generateStructures>false</generateStructures>
            <generateGeodes>true</generateGeodes>
            <volcanoFrequencyMultiplier>1.0</volcanoFrequencyMultiplier>
            <geodefrequencyMultiplier>1.0</geodefrequencyMultiplier>
            <biomeIds>advancedrocketry:hotdryrock,advancedrocketry:volcanic,advancedrocketry:volcanicbarren</biomeIds>
            <oceanBlock>minecraft:lava</oceanBlock>
        </planet>
        <planet DIMID="49" name="Sol-49">
            <isKnown>false</isKnown>
            <fogColor>1.0,1.0,1.0</fogColor>
            <skyColor>0.8,0.5298579,0.5062113</skyColor>
            <gravitationalMultiplier>102</gravitationalMultiplier>
            <orbitalDistance>148</orbitalDistance>
            <orbitalTheta>265</orbitalTheta>
            <orbitalPhi>-329</orbitalPhi>
            <avgTemperature>357</avgTemperature>
            <rotationalPeriod>22615</rotationalPeriod>
            <atmosphereDensity>0</atmosphereDensity>
            <generateCraters>true</generateCraters>
            <generateVolcanos>false</generateVolcanos>
            <generateStructures>false</generateStructures>
            <generateGeodes>false</generateGeodes>
            <craterFrequencyMultiplier>1.0</craterFrequencyMultiplier>
            <biomeIds>advancedrocketry:moon,advancedrocketry:moondark</biomeIds>
        </planet>
        <planet DIMID="50" name="Sol-50">
            <isKnown>false</isKnown>
            <fogColor>1.0,1.0,1.0</fogColor>
            <skyColor>0.8,0.8218495,0.29911625</skyColor>
            <gravitationalMultiplier>130</gravitationalMultiplier>
            <orbitalDistance>136</orbitalDistance>
            <orbitalTheta>293</orbitalTheta>
            <orbitalPhi>33</orbitalPhi>
            <avgTemperature>419</avgTemperature>
            <rotationalPeriod>10923</rotationalPeriod>
            <atmosphereDensity>186</atmosphereDensity>
            <generateCraters>false</generateCraters>
            <generateVolcanos>false</generateVolcanos>
            <generateStructures>true</generateStructures>
            <generateGeodes>true</generateGeodes>
            <geodefrequencyMultiplier>1.0</geodefrequencyMultiplier>
            <biomeIds>advancedrocketry:oceanspires,minecraft:mutated_mesa_rock,minecraft:mutated_savanna,minecraft:mutated_jungle_edge,minecraft:jungle_edge</biomeIds>
        </planet>
        <planet DIMID="38" name="Sol-38">
            <isKnown>false</isKnown>
            <fogColor>1.0,1.0,1.0</fogColor>
            <skyColor>0.8,0.8742393,0.0</skyColor>
            <gravitationalMultiplier>130</gravitationalMultiplier>
            <orbitalDistance>51</orbitalDistance>
            <orbitalTheta>206</orbitalTheta>
            <orbitalPhi>-111</orbitalPhi>
            <avgTemperature>685</avgTemperature>
            <rotationalPeriod>10923</rotationalPeriod>
            <atmosphereDensity>132</atmosphereDensity>
            <generateCraters>false</generateCraters>
            <generateVolcanos>true</generateVolcanos>
            <generateStructures>false</generateStructures>
            <generateGeodes>true</generateGeodes>
            <volcanoFrequencyMultiplier>1.0</volcanoFrequencyMultiplier>
            <geodefrequencyMultiplier>1.0</geodefrequencyMultiplier>
            <biomeIds>advancedrocketry:hotdryrock,advancedrocketry:volcanic,advancedrocketry:volcanicbarren</biomeIds>
            <oceanBlock>minecraft:lava</oceanBlock>
        </planet>
        <planet DIMID="39" name="Sol-39">
            <isKnown>false</isKnown>
            <fogColor>1.0,1.0,1.0</fogColor>
            <skyColor>0.8,0.93075424,0.3574621</skyColor>
            <gravitationalMultiplier>124</gravitationalMultiplier>
            <orbitalDistance>124</orbitalDistance>
            <orbitalTheta>111</orbitalTheta>
            <orbitalPhi>-36</orbitalPhi>
            <avgTemperature>390</avgTemperature>
            <rotationalPeriod>12587</rotationalPeriod>
            <atmosphereDensity>81</atmosphereDensity>
            <generateCraters>false</generateCraters>
            <generateVolcanos>false</generateVolcanos>
            <generateStructures>true</generateStructures>
            <generateGeodes>false</generateGeodes>
            <biomeIds>biomesoplenty:corrupted_sands,minecraft:savanna,biomesoplenty:xeric_shrubland,minecraft:mutated_savanna_rock,erebus:petrified_forest</biomeIds>
            <planet DIMID="40" name="Sol-39: 0">
                <isKnown>false</isKnown>
                <fogColor>1.0,1.0,1.0</fogColor>
                <skyColor>0.8,0.7399124,0.32907492</skyColor>
                <gravitationalMultiplier>46</gravitationalMultiplier>
                <orbitalDistance>123</orbitalDistance>
                <orbitalTheta>106</orbitalTheta>
                <orbitalPhi>-235</orbitalPhi>
                <avgTemperature>392</avgTemperature>
                <rotationalPeriod>246568</rotationalPeriod>
                <atmosphereDensity>14</atmosphereDensity>
                <generateCraters>true</generateCraters>
                <generateVolcanos>false</generateVolcanos>
                <generateStructures>false</generateStructures>
                <generateGeodes>false</generateGeodes>
                <craterFrequencyMultiplier>1.0</craterFrequencyMultiplier>
                <seaLevel>72</seaLevel>
                <biomeIds>advancedrocketry:moon,advancedrocketry:moondark</biomeIds>
                <oceanBlock>advancedrocketry:oxygenfluid</oceanBlock>
            </planet>
            <planet DIMID="41" name="Sol-39: 1">
                <isKnown>false</isKnown>
                <fogColor>1.0,1.0,1.0</fogColor>
                <skyColor>0.8,0.9896436,0.564797</skyColor>
                <gravitationalMultiplier>83</gravitationalMultiplier>
                <orbitalDistance>182</orbitalDistance>
                <orbitalTheta>152</orbitalTheta>
                <orbitalPhi>-288</orbitalPhi>
                <avgTemperature>322</avgTemperature>
                <rotationalPeriod>41973</rotationalPeriod>
                <atmosphereDensity>15</atmosphereDensity>
                <generateCraters>true</generateCraters>
                <generateVolcanos>false</generateVolcanos>
                <generateStructures>false</generateStructures>
                <generateGeodes>false</generateGeodes>
                <craterFrequencyMultiplier>1.0</craterFrequencyMultiplier>
                <biomeIds>advancedrocketry:moon,advancedrocketry:moondark</biomeIds>
            </planet>
        </planet>
        <planet DIMID="42" name="Sol-42">
            <isKnown>false</isKnown>
            <fogColor>1.0,1.0,1.0</fogColor>
            <skyColor>0.8,0.7140279,0.44727296</skyColor>
            <gravitationalMultiplier>104</gravitationalMultiplier>
            <orbitalDistance>144</orbitalDistance>
            <orbitalTheta>356</orbitalTheta>
            <orbitalPhi>-80</orbitalPhi>
            <avgTemperature>362</avgTemperature>
            <rotationalPeriod>21335</rotationalPeriod>
            <atmosphereDensity>0</atmosphereDensity>
            <generateCraters>true</generateCraters>
            <generateVolcanos>false</generateVolcanos>
            <generateStructures>false</generateStructures>
            <generateGeodes>false</generateGeodes>
            <craterFrequencyMultiplier>1.0</craterFrequencyMultiplier>
            <biomeIds>advancedrocketry:moon,advancedrocketry:moondark</biomeIds>
            <planet DIMID="43" name="Sol-42: 0">
                <isKnown>false</isKnown>
                <fogColor>1.0,1.0,1.0</fogColor>
                <skyColor>0.8,0.5312787,0.22602451</skyColor>
                <gravitationalMultiplier>37</gravitationalMultiplier>
                <orbitalDistance>100</orbitalDistance>
                <orbitalTheta>164</orbitalTheta>
                <orbitalPhi>79</orbitalPhi>
                <avgTemperature>434</avgTemperature>
                <rotationalPeriod>473812</rotationalPeriod>
                <atmosphereDensity>18</atmosphereDensity>
                <generateCraters>true</generateCraters>
                <generateVolcanos>false</generateVolcanos>
                <generateStructures>false</generateStructures>
                <generateGeodes>false</generateGeodes>
                <craterFrequencyMultiplier>1.0</craterFrequencyMultiplier>
                <biomeIds>advancedrocketry:moon,advancedrocketry:moondark</biomeIds>
            </planet>
            <planet DIMID="44" name="Sol-42: 1">
                <isKnown>false</isKnown>
                <fogColor>1.0,1.0,1.0</fogColor>
                <skyColor>0.8,0.5270426,0.5379815</skyColor>
                <gravitationalMultiplier>28</gravitationalMultiplier>
                <orbitalDistance>167</orbitalDistance>
                <orbitalTheta>293</orbitalTheta>
                <orbitalPhi>-173</orbitalPhi>
                <avgTemperature>336</avgTemperature>
                <rotationalPeriod>1093294</rotationalPeriod>
                <atmosphereDensity>34</atmosphereDensity>
                <generateCraters>true</generateCraters>
                <generateVolcanos>false</generateVolcanos>
                <generateStructures>false</generateStructures>
                <generateGeodes>false</generateGeodes>
                <craterFrequencyMultiplier>1.0</craterFrequencyMultiplier>
                <biomeIds>minecraft:frozen_ocean,biomesoplenty:volcanic_island,nuclearcraft:nuclear_wasteland,twilightforest:twilight_lake,minecraft:savanna_rock</biomeIds>
            </planet>
        </planet>
        <planet DIMID="45" name="Sol-45">
            <isKnown>false</isKnown>
            <fogColor>1.0,1.0,1.0</fogColor>
            <skyColor>0.8,0.77100563,0.0</skyColor>
            <gravitationalMultiplier>130</gravitationalMultiplier>
            <orbitalDistance>93</orbitalDistance>
            <orbitalTheta>153</orbitalTheta>
            <orbitalPhi>-150</orbitalPhi>
            <avgTemperature>507</avgTemperature>
            <rotationalPeriod>10923</rotationalPeriod>
            <atmosphereDensity>165</atmosphereDensity>
            <generateCraters>false</generateCraters>
            <generateVolcanos>true</generateVolcanos>
            <generateStructures>false</generateStructures>
            <generateGeodes>true</generateGeodes>
            <volcanoFrequencyMultiplier>1.0</volcanoFrequencyMultiplier>
            <geodefrequencyMultiplier>1.0</geodefrequencyMultiplier>
            <biomeIds>advancedrocketry:hotdryrock,advancedrocketry:volcanic,advancedrocketry:volcanicbarren</biomeIds>
            <planet DIMID="46" name="Sol-45: 0">
                <isKnown>false</isKnown>
                <fogColor>1.0,1.0,1.0</fogColor>
                <skyColor>0.8,0.74810857,0.552357</skyColor>
                <gravitationalMultiplier>51</gravitationalMultiplier>
                <orbitalDistance>162</orbitalDistance>
                <orbitalTheta>284</orbitalTheta>
                <orbitalPhi>-29</orbitalPhi>
                <avgTemperature>341</avgTemperature>
                <rotationalPeriod>180925</rotationalPeriod>
                <atmosphereDensity>30</atmosphereDensity>
                <generateCraters>true</generateCraters>
                <generateVolcanos>false</generateVolcanos>
                <generateStructures>false</generateStructures>
                <generateGeodes>false</generateGeodes>
                <craterFrequencyMultiplier>1.0</craterFrequencyMultiplier>
                <biomeIds>minecraft:desert_hills</biomeIds>
            </planet>
            <planet DIMID="47" name="Sol-45: 1">
                <isKnown>false</isKnown>
                <fogColor>1.0,1.0,1.0</fogColor>
                <skyColor>0.8,0.9932407,0.37812006</skyColor>
                <gravitationalMultiplier>64</gravitationalMultiplier>
                <orbitalDistance>123</orbitalDistance>
                <orbitalTheta>313</orbitalTheta>
                <orbitalPhi>-119</orbitalPhi>
                <avgTemperature>392</avgTemperature>
                <rotationalPeriod>91552</rotationalPeriod>
                <atmosphereDensity>25</atmosphereDensity>
                <generateCraters>true</generateCraters>
                <generateVolcanos>false</generateVolcanos>
                <generateStructures>false</generateStructures>
                <generateGeodes>false</generateGeodes>
                <craterFrequencyMultiplier>1.0</craterFrequencyMultiplier>
                <biomeIds>advancedrocketry:moon,advancedrocketry:moondark</biomeIds>
            </planet>
            <oceanBlock>minecraft:lava</oceanBlock>
        </planet>
    </star>
    <star blackHole="false" name="Proxima Centaurs" numGasGiants="0" numPlanets="0" size="1.0" temp="200" x="-150" y="250">
        <planet DIMID="51" name="Sol-51">
            <isKnown>false</isKnown>
            <fogColor>1.0,1.0,1.0</fogColor>
            <skyColor>0.8,0.51406157,0.0</skyColor>
            <gravitationalMultiplier>130</gravitationalMultiplier>
            <orbitalDistance>43</orbitalDistance>
            <orbitalTheta>172</orbitalTheta>
            <orbitalPhi>-14</orbitalPhi>
            <avgTemperature>877</avgTemperature>
            <rotationalPeriod>10923</rotationalPeriod>
            <atmosphereDensity>198</atmosphereDensity>
            <generateCraters>false</generateCraters>
            <generateVolcanos>true</generateVolcanos>
            <generateStructures>false</generateStructures>
            <generateGeodes>true</generateGeodes>
            <volcanoFrequencyMultiplier>1.0</volcanoFrequencyMultiplier>
            <geodefrequencyMultiplier>1.0</geodefrequencyMultiplier>
            <biomeIds>advancedrocketry:hotdryrock,advancedrocketry:volcanic,advancedrocketry:volcanicbarren</biomeIds>
            <oceanBlock>minecraft:lava</oceanBlock>
        </planet>
        <planet DIMID="52" name="Sol-52">
            <isKnown>false</isKnown>
            <fogColor>1.0,1.0,1.0</fogColor>
            <skyColor>0.8,0.63102007,0.17013907</skyColor>
            <gravitationalMultiplier>129</gravitationalMultiplier>
            <orbitalDistance>127</orbitalDistance>
            <orbitalTheta>294</orbitalTheta>
            <orbitalPhi>122</orbitalPhi>
            <avgTemperature>454</avgTemperature>
            <rotationalPeriod>11180</rotationalPeriod>
            <atmosphereDensity>64</atmosphereDensity>
            <generateCraters>true</generateCraters>
            <generateVolcanos>true</generateVolcanos>
            <generateStructures>false</generateStructures>
            <generateGeodes>false</generateGeodes>
            <craterFrequencyMultiplier>1.0</craterFrequencyMultiplier>
            <volcanoFrequencyMultiplier>1.0</volcanoFrequencyMultiplier>
            <biomeIds>advancedrocketry:hotdryrock,advancedrocketry:volcanic,advancedrocketry:volcanicbarren</biomeIds>
            <planet DIMID="53" name="Sol-52: 0">
                <isKnown>false</isKnown>
                <fogColor>1.0,1.0,1.0</fogColor>
                <skyColor>0.8,0.5818856,0.28487223</skyColor>
                <gravitationalMultiplier>47</gravitationalMultiplier>
                <orbitalDistance>162</orbitalDistance>
                <orbitalTheta>19</orbitalTheta>
                <orbitalPhi>-281</orbitalPhi>
                <avgTemperature>402</avgTemperature>
                <rotationalPeriod>231162</rotationalPeriod>
                <atmosphereDensity>15</atmosphereDensity>
                <generateCraters>true</generateCraters>
                <generateVolcanos>false</generateVolcanos>
                <generateStructures>false</generateStructures>
                <generateGeodes>false</generateGeodes>
                <craterFrequencyMultiplier>1.0</craterFrequencyMultiplier>
                <biomeIds>advancedrocketry:moon,advancedrocketry:moondark</biomeIds>
            </planet>
            <oceanBlock>minecraft:lava</oceanBlock>
        </planet>
        <planet DIMID="54" name="Sol-54">
            <isKnown>false</isKnown>
            <fogColor>1.0,1.0,1.0</fogColor>
            <skyColor>0.8,0.6622313,0.23500234</skyColor>
            <gravitationalMultiplier>123</gravitationalMultiplier>
            <orbitalDistance>137</orbitalDistance>
            <orbitalTheta>297</orbitalTheta>
            <orbitalPhi>-213</orbitalPhi>
            <avgTemperature>437</avgTemperature>
            <rotationalPeriod>12897</rotationalPeriod>
            <atmosphereDensity>31</atmosphereDensity>
            <generateCraters>true</generateCraters>
            <generateVolcanos>false</generateVolcanos>
            <generateStructures>false</generateStructures>
            <generateGeodes>false</generateGeodes>
            <craterFrequencyMultiplier>1.0</craterFrequencyMultiplier>
            <biomeIds>minecraft:mushroom_island</biomeIds>
            <planet DIMID="55" name="Sol-54: 0">
                <isKnown>false</isKnown>
                <fogColor>1.0,1.0,1.0</fogColor>
                <skyColor>0.8,0.9416506,0.31806636</skyColor>
                <gravitationalMultiplier>79</gravitationalMultiplier>
                <orbitalDistance>165</orbitalDistance>
                <orbitalTheta>43</orbitalTheta>
                <orbitalPhi>129</orbitalPhi>
                <avgTemperature>398</avgTemperature>
                <rotationalPeriod>48677</rotationalPeriod>
                <atmosphereDensity>35</atmosphereDensity>
                <generateCraters>true</generateCraters>
                <generateVolcanos>false</generateVolcanos>
                <generateStructures>false</generateStructures>
                <generateGeodes>false</generateGeodes>
                <craterFrequencyMultiplier>1.0</craterFrequencyMultiplier>
                <seaLevel>67</seaLevel>
                <biomeIds>minecraft:mutated_savanna,minecraft:savanna_rock,erebus:volcanic_desert,twilightforest:twilight_lake,biomesoplenty:xeric_shrubland</biomeIds>
            </planet>
            <planet DIMID="56" name="Sol-54: 1">
                <isKnown>false</isKnown>
                <fogColor>1.0,1.0,1.0</fogColor>
                <skyColor>0.8,0.67376256,0.34718633</skyColor>
                <gravitationalMultiplier>58</gravitationalMultiplier>
                <orbitalDistance>175</orbitalDistance>
                <orbitalTheta>105</orbitalTheta>
                <orbitalPhi>-5</orbitalPhi>
                <avgTemperature>386</avgTemperature>
                <rotationalPeriod>123006</rotationalPeriod>
                <atmosphereDensity>33</atmosphereDensity>
                <generateCraters>true</generateCraters>
                <generateVolcanos>false</generateVolcanos>
                <generateStructures>false</generateStructures>
                <generateGeodes>false</generateGeodes>
                <craterFrequencyMultiplier>1.0</craterFrequencyMultiplier>
                <biomeIds>biomesoplenty:kelp_forest,erebus:volcanic_desert,minecraft:mutated_savanna,minecraft:mutated_mesa,minecraft:mutated_savanna_rock</biomeIds>
            </planet>
            <planet DIMID="57" name="Sol-54: 2">
                <isKnown>false</isKnown>
                <fogColor>1.0,1.0,1.0</fogColor>
                <skyColor>0.8,0.6426448,0.34373748</skyColor>
                <gravitationalMultiplier>47</gravitationalMultiplier>
                <orbitalDistance>163</orbitalDistance>
                <orbitalTheta>181</orbitalTheta>
                <orbitalPhi>-114</orbitalPhi>
                <avgTemperature>400</avgTemperature>
                <rotationalPeriod>231162</rotationalPeriod>
                <atmosphereDensity>32</atmosphereDensity>
                <generateCraters>true</generateCraters>
                <generateVolcanos>false</generateVolcanos>
                <generateStructures>false</generateStructures>
                <generateGeodes>false</generateGeodes>
                <craterFrequencyMultiplier>1.0</craterFrequencyMultiplier>
                <biomeIds>minecraft:mushroom_island</biomeIds>
            </planet>
        </planet>
    </star>
    <star blackHole="false" name="Magnis Vulpes" numGasGiants="0" numPlanets="0" size="1.0" temp="70" x="-150" y="-250">
        <planet DIMID="58" name="Sol-58">
            <isKnown>false</isKnown>
            <fogColor>1.0,1.0,1.0</fogColor>
            <skyColor>0.8,0.5439671,0.9826357</skyColor>
            <gravitationalMultiplier>123</gravitationalMultiplier>
            <orbitalDistance>99</orbitalDistance>
            <orbitalTheta>174</orbitalTheta>
            <orbitalPhi>-199</orbitalPhi>
            <avgTemperature>202</avgTemperature>
            <rotationalPeriod>12897</rotationalPeriod>
            <atmosphereDensity>187</atmosphereDensity>
            <generateCraters>false</generateCraters>
            <generateVolcanos>false</generateVolcanos>
            <generateStructures>false</generateStructures>
            <generateGeodes>true</generateGeodes>
            <geodefrequencyMultiplier>1.0</geodefrequencyMultiplier>
            <biomeIds>biomesoplenty:highland,biomesoplenty:wasteland,biomesoplenty:redwood_forest_edge,minecraft:mutated_swampland,minecraft:jungle</biomeIds>
        </planet>
        <planet DIMID="59" name="Sol-59">
            <isKnown>false</isKnown>
            <fogColor>1.0,1.0,1.0</fogColor>
            <skyColor>0.8,0.98194516,1.0</skyColor>
            <gravitationalMultiplier>103</gravitationalMultiplier>
            <orbitalDistance>167</orbitalDistance>
            <orbitalTheta>293</orbitalTheta>
            <orbitalPhi>-291</orbitalPhi>
            <avgTemperature>155</avgTemperature>
            <rotationalPeriod>21963</rotationalPeriod>
            <atmosphereDensity>134</atmosphereDensity>
            <generateCraters>false</generateCraters>
            <generateVolcanos>false</generateVolcanos>
            <generateStructures>false</generateStructures>
            <generateGeodes>true</generateGeodes>
            <geodefrequencyMultiplier>1.0</geodefrequencyMultiplier>
            <biomeIds>biomesoplenty:rainforest,erebus:underground_jungle,twilightforest:dark_forest_center,minecraft:mutated_extreme_hills_with_trees,beneath:the_beneath</biomeIds>
            <planet DIMID="60" name="Sol-59: 0">
                <isKnown>false</isKnown>
                <fogColor>1.0,1.0,1.0</fogColor>
                <skyColor>0.66477644,0.7948992,1.0</skyColor>
                <gravitationalMultiplier>56</gravitationalMultiplier>
                <orbitalDistance>173</orbitalDistance>
                <orbitalTheta>143</orbitalTheta>
                <orbitalPhi>-24</orbitalPhi>
                <avgTemperature>136</avgTemperature>
                <rotationalPeriod>136661</rotationalPeriod>
                <atmosphereDensity>15</atmosphereDensity>
                <generateCraters>true</generateCraters>
                <generateVolcanos>false</generateVolcanos>
                <generateStructures>false</generateStructures>
                <generateGeodes>false</generateGeodes>
                <craterFrequencyMultiplier>1.0</craterFrequencyMultiplier>
                <seaLevel>77</seaLevel>
                <biomeIds>advancedrocketry:moon,advancedrocketry:moondark</biomeIds>
            </planet>
        </planet>
    </star>
    <star blackHole="false" name="Ma-Roo" numGasGiants="0" numPlanets="0" size="1.0" temp="200" x="50" y="-250">
        <planet DIMID="64" name="Sol-64">
            <isKnown>false</isKnown>
            <fogColor>1.0,1.0,1.0</fogColor>
            <skyColor>0.8,0.672811,0.27555764</skyColor>
            <gravitationalMultiplier>97</gravitationalMultiplier>
            <orbitalDistance>152</orbitalDistance>
            <orbitalTheta>308</orbitalTheta>
            <orbitalPhi>-271</orbitalPhi>
            <avgTemperature>415</avgTemperature>
            <rotationalPeriod>26296</rotationalPeriod>
            <atmosphereDensity>36</atmosphereDensity>
            <generateCraters>true</generateCraters>
            <generateVolcanos>false</generateVolcanos>
            <generateStructures>false</generateStructures>
            <generateGeodes>false</generateGeodes>
            <craterFrequencyMultiplier>1.0</craterFrequencyMultiplier>
            <biomeIds>biomesoplenty:tropical_rainforest,biomesoplenty:outback,minecraft:deep_ocean,erebus:petrified_forest,erebus:ulterior_outback</biomeIds>
        </planet>
        <planet DIMID="65" name="Sol-65">
            <isKnown>false</isKnown>
            <fogColor>1.0,1.0,1.0</fogColor>
            <skyColor>0.8,0.9846847,0.15609711</skyColor>
            <gravitationalMultiplier>130</gravitationalMultiplier>
            <orbitalDistance>154</orbitalDistance>
            <orbitalTheta>35</orbitalTheta>
            <orbitalPhi>60</orbitalPhi>
            <avgTemperature>463</avgTemperature>
            <rotationalPeriod>10923</rotationalPeriod>
            <atmosphereDensity>168</atmosphereDensity>
            <generateCraters>false</generateCraters>
            <generateVolcanos>true</generateVolcanos>
            <generateStructures>false</generateStructures>
            <generateGeodes>true</generateGeodes>
            <volcanoFrequencyMultiplier>1.0</volcanoFrequencyMultiplier>
            <geodefrequencyMultiplier>1.0</geodefrequencyMultiplier>
            <biomeIds>advancedrocketry:hotdryrock,advancedrocketry:volcanic,advancedrocketry:volcanicbarren</biomeIds>
            <planet DIMID="67" name="Sol-65: 0">
                <isKnown>false</isKnown>
                <fogColor>1.0,1.0,1.0</fogColor>
                <skyColor>0.8,0.80782413,0.017053545</skyColor>
                <gravitationalMultiplier>40</gravitationalMultiplier>
                <orbitalDistance>106</orbitalDistance>
                <orbitalTheta>112</orbitalTheta>
                <orbitalPhi>-151</orbitalPhi>
                <avgTemperature>496</avgTemperature>
                <rotationalPeriod>375000</rotationalPeriod>
                <atmosphereDensity>35</atmosphereDensity>
                <generateCraters>true</generateCraters>
                <generateVolcanos>true</generateVolcanos>
                <generateStructures>false</generateStructures>
                <generateGeodes>false</generateGeodes>
                <craterFrequencyMultiplier>1.0</craterFrequencyMultiplier>
                <volcanoFrequencyMultiplier>1.0</volcanoFrequencyMultiplier>
                <seaLevel>47</seaLevel>
                <biomeIds>advancedrocketry:hotdryrock,advancedrocketry:volcanic,advancedrocketry:volcanicbarren</biomeIds>
                <oceanBlock>minecraft:lava</oceanBlock>
            </planet>
            <planet DIMID="68" name="Sol-65: 1">
                <isKnown>false</isKnown>
                <fogColor>1.0,1.0,1.0</fogColor>
                <skyColor>0.8,0.8041053,0.26384985</skyColor>
                <gravitationalMultiplier>42</gravitationalMultiplier>
                <orbitalDistance>147</orbitalDistance>
                <orbitalTheta>187</orbitalTheta>
                <orbitalPhi>-165</orbitalPhi>
                <avgTemperature>422</avgTemperature>
                <rotationalPeriod>323939</rotationalPeriod>
                <atmosphereDensity>31</atmosphereDensity>
                <generateCraters>true</generateCraters>
                <generateVolcanos>false</generateVolcanos>
                <generateStructures>false</generateStructures>
                <generateGeodes>false</generateGeodes>
                <craterFrequencyMultiplier>1.0</craterFrequencyMultiplier>
                <biomeIds>erebus:ulterior_outback,biomesoplenty:bayou,minecraft:mutated_jungle_edge,biomesoplenty:visceral_heap,minecraft:mutated_desert</biomeIds>
            </planet>
            <planet DIMID="69" name="Sol-65: 2">
                <isKnown>false</isKnown>
                <fogColor>1.0,1.0,1.0</fogColor>
                <skyColor>0.8,0.88535136,0.10712087</skyColor>
                <gravitationalMultiplier>87</gravitationalMultiplier>
                <orbitalDistance>128</orbitalDistance>
                <orbitalTheta>133</orbitalTheta>
                <orbitalPhi>-133</orbitalPhi>
                <avgTemperature>452</avgTemperature>
                <rotationalPeriod>36446</rotationalPeriod>
                <atmosphereDensity>27</atmosphereDensity>
                <generateCraters>true</generateCraters>
                <generateVolcanos>true</generateVolcanos>
                <generateStructures>false</generateStructures>
                <generateGeodes>false</generateGeodes>
                <craterFrequencyMultiplier>1.0</craterFrequencyMultiplier>
                <volcanoFrequencyMultiplier>1.0</volcanoFrequencyMultiplier>
                <biomeIds>advancedrocketry:hotdryrock,advancedrocketry:volcanic,advancedrocketry:volcanicbarren</biomeIds>
                <oceanBlock>minecraft:lava</oceanBlock>
            </planet>
            <oceanBlock>minecraft:lava</oceanBlock>
        </planet>
        <planet DIMID="70" name="Sol-70">
            <isKnown>false</isKnown>
            <fogColor>1.0,1.0,1.0</fogColor>
            <skyColor>0.8,0.9635328,0.0</skyColor>
            <gravitationalMultiplier>109</gravitationalMultiplier>
            <orbitalDistance>12</orbitalDistance>
            <orbitalTheta>210</orbitalTheta>
            <orbitalPhi>-183</orbitalPhi>
            <avgTemperature>1477</avgTemperature>
            <rotationalPeriod>18532</rotationalPeriod>
            <atmosphereDensity>79</atmosphereDensity>
            <generateCraters>false</generateCraters>
            <generateVolcanos>true</generateVolcanos>
            <generateStructures>false</generateStructures>
            <generateGeodes>false</generateGeodes>
            <volcanoFrequencyMultiplier>1.0</volcanoFrequencyMultiplier>
            <biomeIds>advancedrocketry:hotdryrock,advancedrocketry:volcanic,advancedrocketry:volcanicbarren</biomeIds>
            <planet DIMID="71" name="Sol-70: 0">
                <isKnown>false</isKnown>
                <fogColor>1.0,1.0,1.0</fogColor>
                <skyColor>0.8,0.94235396,0.39514506</skyColor>
                <gravitationalMultiplier>60</gravitationalMultiplier>
                <orbitalDistance>183</orbitalDistance>
                <orbitalTheta>56</orbitalTheta>
                <orbitalPhi>40</orbitalPhi>
                <avgTemperature>378</avgTemperature>
                <rotationalPeriod>111111</rotationalPeriod>
                <atmosphereDensity>26</atmosphereDensity>
                <generateCraters>true</generateCraters>
                <generateVolcanos>false</generateVolcanos>
                <generateStructures>false</generateStructures>
                <generateGeodes>false</generateGeodes>
                <craterFrequencyMultiplier>1.0</craterFrequencyMultiplier>
                <biomeIds>nuclearcraft:nuclear_wasteland,biomesoplenty:oasis,advancedrocketry:marsh,biomesoplenty:undergarden,minecraft:mutated_mesa_rock</biomeIds>
            </planet>
            <planet DIMID="72" name="Sol-70: 1">
                <isKnown>false</isKnown>
                <fogColor>1.0,1.0,1.0</fogColor>
                <skyColor>0.8,0.96615934,0.0</skyColor>
                <gravitationalMultiplier>70</gravitationalMultiplier>
                <orbitalDistance>106</orbitalDistance>
                <orbitalTheta>187</orbitalTheta>
                <orbitalPhi>-136</orbitalPhi>
                <avgTemperature>496</avgTemperature>
                <rotationalPeriod>69970</rotationalPeriod>
                <atmosphereDensity>21</atmosphereDensity>
                <generateCraters>true</generateCraters>
                <generateVolcanos>true</generateVolcanos>
                <generateStructures>false</generateStructures>
                <generateGeodes>false</generateGeodes>
                <craterFrequencyMultiplier>1.0</craterFrequencyMultiplier>
                <volcanoFrequencyMultiplier>1.0</volcanoFrequencyMultiplier>
                <biomeIds>advancedrocketry:moon,advancedrocketry:moondark</biomeIds>
                <oceanBlock>minecraft:lava</oceanBlock>
            </planet>
            <planet DIMID="73" name="Sol-70: 2">
                <isKnown>false</isKnown>
                <fogColor>1.0,1.0,1.0</fogColor>
                <skyColor>0.8,0.8747343,0.0</skyColor>
                <gravitationalMultiplier>57</gravitationalMultiplier>
                <orbitalDistance>104</orbitalDistance>
                <orbitalTheta>190</orbitalTheta>
                <orbitalPhi>-122</orbitalPhi>
                <avgTemperature>501</avgTemperature>
                <rotationalPeriod>129594</rotationalPeriod>
                <atmosphereDensity>22</atmosphereDensity>
                <generateCraters>true</generateCraters>
                <generateVolcanos>true</generateVolcanos>
                <generateStructures>false</generateStructures>
                <generateGeodes>false</generateGeodes>
                <craterFrequencyMultiplier>1.0</craterFrequencyMultiplier>
                <volcanoFrequencyMultiplier>1.0</volcanoFrequencyMultiplier>
                <seaLevel>77</seaLevel>
                <biomeIds>advancedrocketry:moon,advancedrocketry:moondark</biomeIds>
                <oceanBlock>minecraft:lava</oceanBlock>
            </planet>
            <oceanBlock>minecraft:lava</oceanBlock>
        </planet>
        <planet DIMID="74" name="Sol-74">
            <isKnown>false</isKnown>
            <fogColor>1.0,1.0,1.0</fogColor>
            <skyColor>0.8,0.7749115,0.07091111</skyColor>
            <gravitationalMultiplier>130</gravitationalMultiplier>
            <orbitalDistance>122</orbitalDistance>
            <orbitalTheta>97</orbitalTheta>
            <orbitalPhi>133</orbitalPhi>
            <avgTemperature>463</avgTemperature>
            <rotationalPeriod>10923</rotationalPeriod>
            <atmosphereDensity>71</atmosphereDensity>
            <generateCraters>true</generateCraters>
            <generateVolcanos>true</generateVolcanos>
            <generateStructures>false</generateStructures>
            <generateGeodes>false</generateGeodes>
            <craterFrequencyMultiplier>1.0</craterFrequencyMultiplier>
            <volcanoFrequencyMultiplier>1.0</volcanoFrequencyMultiplier>
            <biomeIds>advancedrocketry:hotdryrock,advancedrocketry:volcanic,advancedrocketry:volcanicbarren</biomeIds>
            <planet DIMID="75" name="Sol-74: 0">
                <isKnown>false</isKnown>
                <fogColor>1.0,1.0,1.0</fogColor>
                <skyColor>0.8,0.5533015,0.38901204</skyColor>
                <gravitationalMultiplier>65</gravitationalMultiplier>
                <orbitalDistance>190</orbitalDistance>
                <orbitalTheta>272</orbitalTheta>
                <orbitalPhi>-210</orbitalPhi>
                <avgTemperature>371</avgTemperature>
                <rotationalPeriod>87391</rotationalPeriod>
                <atmosphereDensity>32</atmosphereDensity>
                <generateCraters>true</generateCraters>
                <generateVolcanos>false</generateVolcanos>
                <generateStructures>false</generateStructures>
                <generateGeodes>false</generateGeodes>
                <craterFrequencyMultiplier>1.0</craterFrequencyMultiplier>
                <biomeIds>minecraft:extreme_hills</biomeIds>
            </planet>
            <planet DIMID="76" name="Sol-74: 1">
                <isKnown>false</isKnown>
                <fogColor>1.0,1.0,1.0</fogColor>
                <skyColor>0.8,0.92994595,0.47430503</skyColor>
                <gravitationalMultiplier>51</gravitationalMultiplier>
                <orbitalDistance>195</orbitalDistance>
                <orbitalTheta>209</orbitalTheta>
                <orbitalPhi>-26</orbitalPhi>
                <avgTemperature>366</avgTemperature>
                <rotationalPeriod>180925</rotationalPeriod>
                <atmosphereDensity>22</atmosphereDensity>
                <generateCraters>true</generateCraters>
                <generateVolcanos>false</generateVolcanos>
                <generateStructures>false</generateStructures>
                <generateGeodes>false</generateGeodes>
                <craterFrequencyMultiplier>1.0</craterFrequencyMultiplier>
                <biomeIds>advancedrocketry:moon,advancedrocketry:moondark</biomeIds>
            </planet>
            <oceanBlock>minecraft:lava</oceanBlock>
        </planet>
        <planet DIMID="61" name="Sol-61">
            <isKnown>false</isKnown>
            <fogColor>1.0,1.0,1.0</fogColor>
            <skyColor>0.8,0.6845099,0.0</skyColor>
            <gravitationalMultiplier>130</gravitationalMultiplier>
            <orbitalDistance>53</orbitalDistance>
            <orbitalTheta>278</orbitalTheta>
            <orbitalPhi>-347</orbitalPhi>
            <avgTemperature>790</avgTemperature>
            <rotationalPeriod>10923</rotationalPeriod>
            <atmosphereDensity>140</atmosphereDensity>
            <generateCraters>false</generateCraters>
            <generateVolcanos>true</generateVolcanos>
            <generateStructures>false</generateStructures>
            <generateGeodes>true</generateGeodes>
            <volcanoFrequencyMultiplier>1.0</volcanoFrequencyMultiplier>
            <geodefrequencyMultiplier>1.0</geodefrequencyMultiplier>
            <biomeIds>advancedrocketry:hotdryrock,advancedrocketry:volcanic,advancedrocketry:volcanicbarren</biomeIds>
            <oceanBlock>minecraft:lava</oceanBlock>
        </planet>
        <planet DIMID="62" name="Sol-62">
            <isKnown>false</isKnown>
            <fogColor>1.0,1.0,1.0</fogColor>
            <skyColor>0.8,0.57492197,0.060396135</skyColor>
            <gravitationalMultiplier>124</gravitationalMultiplier>
            <orbitalDistance>138</orbitalDistance>
            <orbitalTheta>217</orbitalTheta>
            <orbitalPhi>100</orbitalPhi>
            <avgTemperature>490</avgTemperature>
            <rotationalPeriod>12587</rotationalPeriod>
            <atmosphereDensity>144</atmosphereDensity>
            <generateCraters>false</generateCraters>
            <generateVolcanos>true</generateVolcanos>
            <generateStructures>false</generateStructures>
            <generateGeodes>true</generateGeodes>
            <volcanoFrequencyMultiplier>1.0</volcanoFrequencyMultiplier>
            <geodefrequencyMultiplier>1.0</geodefrequencyMultiplier>
            <biomeIds>advancedrocketry:hotdryrock,advancedrocketry:volcanic,advancedrocketry:volcanicbarren</biomeIds>
            <planet DIMID="63" name="Sol-62: 0">
                <isKnown>false</isKnown>
                <fogColor>1.0,1.0,1.0</fogColor>
                <skyColor>0.8,0.89126444,0.40900922</skyColor>
                <gravitationalMultiplier>55</gravitationalMultiplier>
                <orbitalDistance>174</orbitalDistance>
                <orbitalTheta>66</orbitalTheta>
                <orbitalPhi>-94</orbitalPhi>
                <avgTemperature>387</avgTemperature>
                <rotationalPeriod>144252</rotationalPeriod>
                <atmosphereDensity>20</atmosphereDensity>
                <generateCraters>true</generateCraters>
                <generateVolcanos>false</generateVolcanos>
                <generateStructures>false</generateStructures>
                <generateGeodes>false</generateGeodes>
                <craterFrequencyMultiplier>1.0</craterFrequencyMultiplier>
                <biomeIds>advancedrocketry:moon,advancedrocketry:moondark</biomeIds>
            </planet>
            <oceanBlock>minecraft:lava</oceanBlock>
        </planet>
    </star>
    <star blackHole="false" name="Alykitt" numGasGiants="0" numPlanets="0" size="1.0" temp="120" x="75" y="200">
        <planet DIMID="82" name="Sol-82">
            <isKnown>false</isKnown>
            <fogColor>1.0,1.0,1.0</fogColor>
            <skyColor>0.8,0.7350764,0.9560044</skyColor>
            <gravitationalMultiplier>130</gravitationalMultiplier>
            <orbitalDistance>218</orbitalDistance>
            <orbitalTheta>309</orbitalTheta>
            <orbitalPhi>210</orbitalPhi>
            <avgTemperature>207</avgTemperature>
            <rotationalPeriod>10923</rotationalPeriod>
            <atmosphereDensity>24</atmosphereDensity>
            <generateCraters>true</generateCraters>
            <generateVolcanos>false</generateVolcanos>
            <generateStructures>false</generateStructures>
            <generateGeodes>false</generateGeodes>
            <craterFrequencyMultiplier>1.0</craterFrequencyMultiplier>
            <seaLevel>73</seaLevel>
            <biomeIds>advancedrocketry:moon,advancedrocketry:moondark</biomeIds>
            <oceanBlock>advancedrocketry:oxygenfluid</oceanBlock>
        </planet>
        <planet DIMID="77" name="Sol-77">
            <isKnown>false</isKnown>
            <GasGiant>true</GasGiant>
            <gas>oxygen</gas>
            <gas>hydrogen</gas>
            <gas>nitrogen</gas>
            <fogColor>1.0,1.0,1.0</fogColor>
            <skyColor>1.0,1.0,1.0</skyColor>
            <gravitationalMultiplier>90</gravitationalMultiplier>
            <orbitalDistance>259</orbitalDistance>
            <orbitalTheta>0</orbitalTheta>
            <orbitalPhi>0</orbitalPhi>
            <avgTemperature>214</avgTemperature>
            <rotationalPeriod>24000</rotationalPeriod>
            <atmosphereDensity>167</atmosphereDensity>
            <generateCraters>false</generateCraters>
            <generateVolcanos>false</generateVolcanos>
            <generateStructures>false</generateStructures>
            <generateGeodes>false</generateGeodes>
        </planet>
        <planet DIMID="78" name="Sol-78">
            <isKnown>false</isKnown>
            <fogColor>1.0,1.0,1.0</fogColor>
            <skyColor>0.8,0.72637856,0.5183317</skyColor>
            <gravitationalMultiplier>130</gravitationalMultiplier>
            <orbitalDistance>99</orbitalDistance>
            <orbitalTheta>80</orbitalTheta>
            <orbitalPhi>-172</orbitalPhi>
            <avgTemperature>347</avgTemperature>
            <rotationalPeriod>10923</rotationalPeriod>
            <atmosphereDensity>141</atmosphereDensity>
            <generateCraters>false</generateCraters>
            <generateVolcanos>false</generateVolcanos>
            <generateStructures>true</generateStructures>
            <generateGeodes>true</generateGeodes>
            <geodefrequencyMultiplier>1.0</geodefrequencyMultiplier>
            <biomeIds>minecraft:mushroom_island</biomeIds>
        </planet>
        <planet DIMID="79" name="Sol-79">
            <isKnown>false</isKnown>
            <fogColor>1.0,1.0,1.0</fogColor>
            <skyColor>0.8,0.8747709,0.65132475</skyColor>
            <gravitationalMultiplier>130</gravitationalMultiplier>
            <orbitalDistance>103</orbitalDistance>
            <orbitalTheta>172</orbitalTheta>
            <orbitalPhi>-101</orbitalPhi>
            <avgTemperature>302</avgTemperature>
            <rotationalPeriod>10923</rotationalPeriod>
            <atmosphereDensity>84</atmosphereDensity>
            <generateCraters>false</generateCraters>
            <generateVolcanos>false</generateVolcanos>
            <generateStructures>true</generateStructures>
            <generateGeodes>false</generateGeodes>
            <biomeIds>biomesoplenty:grove,biomesoplenty:ominous_woods,biomesoplenty:wetland,minecraft:jungle_hills,minecraft:mutated_forest</biomeIds>
            <planet DIMID="80" name="Sol-79: 0">
                <isKnown>false</isKnown>
                <fogColor>1.0,1.0,1.0</fogColor>
                <skyColor>0.8,0.9699328,0.6403285</skyColor>
                <gravitationalMultiplier>76</gravitationalMultiplier>
                <orbitalDistance>100</orbitalDistance>
                <orbitalTheta>338</orbitalTheta>
                <orbitalPhi>-244</orbitalPhi>
                <avgTemperature>307</avgTemperature>
                <rotationalPeriod>54672</rotationalPeriod>
                <atmosphereDensity>36</atmosphereDensity>
                <generateCraters>true</generateCraters>
                <generateVolcanos>false</generateVolcanos>
                <generateStructures>false</generateStructures>
                <generateGeodes>false</generateGeodes>
                <craterFrequencyMultiplier>1.0</craterFrequencyMultiplier>
                <biomeIds>minecraft:desert_hills,biomesoplenty:flower_island,biomesoplenty:undergarden,biomesoplenty:prairie,biomesoplenty:chaparral</biomeIds>
            </planet>
            <planet DIMID="81" name="Sol-79: 1">
                <isKnown>false</isKnown>
                <fogColor>1.0,1.0,1.0</fogColor>
                <skyColor>0.8,0.81656253,0.84605026</skyColor>
                <gravitationalMultiplier>50</gravitationalMultiplier>
                <orbitalDistance>173</orbitalDistance>
                <orbitalTheta>87</orbitalTheta>
                <orbitalPhi>-147</orbitalPhi>
                <avgTemperature>233</avgTemperature>
                <rotationalPeriod>192000</rotationalPeriod>
                <atmosphereDensity>36</atmosphereDensity>
                <generateCraters>true</generateCraters>
                <generateVolcanos>false</generateVolcanos>
                <generateStructures>false</generateStructures>
                <generateGeodes>false</generateGeodes>
                <craterFrequencyMultiplier>1.0</craterFrequencyMultiplier>
                <biomeIds>biomesoplenty:wetland,biomesoplenty:moor,twilightforest:mushroom_forest,biomesoplenty:overgrown_cliffs,minecraft:smaller_extreme_hills</biomeIds>
            </planet>
        </planet>
    </star>
</galaxy>
