{
  "dimensions": [
    {
      "dim": 0,
      "dimensiontype": {
        "name": "Overworld",
        "worldprovider": "WorldProviderSurfaceJED",
        "keeploaded": true,
		"override": true
      },
      "worldinfo": {
        "GameRules": {
          "disableNetherPortalCreation": "true"
        }
      },
      "worldinfo_onetime": {
        "generatorName:": "customized",
        "generatorOptions": "{\"coordinateScale\":175.0,\"heightScale\":75.0,\"lowerLimitScale\":512.0,\"upperLimitScale\":512.0,\"depthNoiseScaleX\":200.0,\"depthNoiseScaleZ\":200.0,\"depthNoiseScaleExponent\":0.5,\"mainNoiseScaleX\":165.0,\"mainNoiseScaleY\":106.61267,\"mainNoiseScaleZ\":165.0,\"baseSize\":8.267606,\"stretchY\":13.387607,\"biomeDepthWeight\":1.2,\"biomeDepthOffset\":0.2,\"biomeScaleWeight\":3.4084506,\"biomeScaleOffset\":0.0,\"seaLevel\":63,\"useCaves\":false,\"useDungeons\":false,\"dungeonChance\":7,\"useStrongholds\":false,\"useVillages\":false,\"useMineShafts\":true,\"useTemples\":true,\"useMonuments\":true,\"useRavines\":true,\"useWaterLakes\":true,\"waterLakeChance\":49,\"useLavaLakes\":true,\"lavaLakeChance\":80,\"useLavaOceans\":false,\"fixedBiome\":-1,\"biomeSize\":4,\"riverSize\":5,\"dirtCount\":0,\"gravelCount\":0,\"graniteCount\":0,\"dioriteCount\":0,\"andesiteCount\":0,\"coalCount\":0,\"ironCount\":0,\"goldCount\":0,\"redstoneCount\":0,\"diamondCount\":0,\"lapisCount\":0}"
      },
      "jed": {}
    }
  ]
}