{"stat.mineBlock.extratrees.leaves.default.19":1,"stat.pickup.minecraft.wooden_slab":28,"stat.leaveGame":5,"stat.drop.gregtech.meta_dust":3,"stat.craftItem.akashictome.tome":9,"stat.mineBlock.harvestcraft.beehive":1,"stat.craftItem.artisanworktables.artisans_hammer_mason":4,"stat.pickup.pyrotech.rock":121,"stat.craftItem.pyrotech.material":253,"stat.pickup.extratrees.logs.9":8,"stat.mineBlock.pyrotech.rock":37,"stat.mineBlock.extratrees.shrub_log":4,"stat.pickup.minecraft.sand":186,"stat.craftItem.pyrotech.tinder":2,"stat.mineBlock.extratrees.leaves.default.fruit.2":1,"stat.pickup.artisanworktables.artisans_handsaw_flint":1,"stat.mineBlock.minecraft.sand":188,"stat.drop.gregtech.meta_dust_small":2,"stat.mineBlock.extratrees.leaves.default.20":2,"stat.drop.pyrotech.strange_tuber":6,"stat.drop.mysticalworld.silkworm_egg":13,"stat.pickup.pyrotech.compacting_bin":1,"stat.mineBlock.pyrotech.tar_collector":3,"stat.pickup.gregtech.meta_tool":4,"stat.pickup.pyrotech.stone_sawmill":1,"stat.pickup.actuallyadditions.item_worm":2,"stat.pickup.rustic.wildberries":6,"stat.useItem.pyrotech.anvil_granite":1,"stat.mineBlock.forestry.logs.5":1,"stat.mineBlock.pyrotech.pit_ash_block":54,"stat.mineBlock.pyrotech.stone_sawmill":1,"stat.pickup.actuallyadditions.item_solidified_experience":2,"stat.drop.minecraft.red_flower":2,"stat.pickup.minecraft.beef":8,"stat.mineBlock.artisanworktables.workshop":1,"stat.pickup.biomesoplenty.flower_0":17,"stat.pickup.pyrotech.stone_kiln":1,"stat.pickup.gregtech.ore_copper_0":17,"stat.craftItem.pyrotech.thatch":14,"stat.mineBlock.artisanworktables.workstation":1,"stat.mineBlock.astralsorcery.blockmarble":49,"stat.useItem.pyrotech.drying_rack":7,"stat.useItem.pyrotech.kiln_pit":8,"stat.deaths":1,"stat.craftItem.artisanworktables.artisans_framing_hammer_mason":1,"stat.playOneMinute":366418,"stat.pickup.mysticalworld.aubergine_seed":12,"stat.drop.erebus.death_compass":1,"stat.mineBlock.pyrotech.drying_rack":6,"stat.mineBlock.actuallyadditions.block_wild":32,"stat.craftItem.pyrotech.kiln_pit":20,"stat.pickup.artisanworktables.workshop":1,"stat.mineBlock.minecraft.tallgrass":397,"stat.craftItem.artisanworktables.artisans_file_flint":5,"stat.chestOpened":905,"stat.pickup.minecraft.pumpkin":3,"stat.pickup.erebus.death_compass":1,"stat.craftItem.artisanworktables.artisans_handsaw_mason":5,"stat.craftItem.minecraft.flint":66,"stat.drop.mysticalworld.aubergine_seed":7,"stat.drop.mysticalworld.silk_cocoon":1,"stat.mineBlock.rustic.slate":25,"stat.drop.rustic.slate":25,"stat.fallOneCm":79944,"stat.craftItem.artisanworktables.worktable":4,"stat.pickup.gregtechfoodoption.gtfo_meta_item":18,"stat.drop.gregtech.meta_tool":2,"stat.mineBlock.rustic.horsetail":9,"stat.pickup.gregtech.machine":1,"stat.crouchOneCm":3662,"stat.pickup.actuallyadditions.item_food":5,"stat.pickup.rustic.grape_stem":9,"stat.useItem.biomesoplenty.plant_0":1,"stat.craftItem.foundry.componentblock":1,"stat.mineBlock.extratrees.logs.9":4,"stat.pickup.rustic.horsetail":18,"stat.mineBlock.pyrotech.soaking_pot":2,"stat.mineBlock.gregtech.ore_copper_0":17,"stat.mineBlock.gregtech.machine":1,"stat.mineBlock.biomesoplenty.mud":1,"stat.useItem.minecraft.reeds":69,"stat.mineBlock.biomesoplenty.plant_1":1,"stat.mineBlock.biomesoplenty.plant_0":340,"stat.pickup.minecraft.planks":73,"stat.pickup.biomesoplenty.plant_1":4,"stat.pickup.biomesoplenty.plant_0":63,"stat.pickup.minecraft.wheat_seeds":20,"stat.mineBlock.minecraft.gravel":360,"stat.drop.biomesoplenty.persimmon":2,"stat.pickup.pyrotech.tar_drain":2,"stat.useItem.mysticalworld.silkworm_egg":8,"stat.craftItem.artisanworktables.artisans_file_mason":1,"stat.mineBlock.minecraft.dirt":220,"stat.pickup.biomesoplenty.persimmon":5,"stat.drop.minecraft.stick":17,"stat.pickup.immersiveengineering.seed":4,"stat.useItem.minecraft.torch":30,"stat.mineBlock.biomesoplenty.leaves_2":22,"stat.pickup.roots.wildroot":13,"stat.drop.artisanworktables.artisans_hatchet_flint":1,"stat.mineBlock.actuallyadditions.block_black_lotus":1,"stat.drop.forestry.sapling":2,"stat.useItem.minecraft.log":77,"stat.pickup.biomesoplenty.coral":3,"stat.useItem.minecraft.cobblestone":16,"stat.mineBlock.extratrees.leaves.default.fruit.11":3,"stat.pickup.extratrees.food":77,"stat.drop.biomesoplenty.coral":3,"stat.mineBlock.extratrees.leaves.default.fruit.10":3,"stat.pickup.pyrotech.flint_and_tinder":1,"stat.drop.rustic.horsetail":16,"stat.pickup.minecraft.log":1170,"stat.useItem.tconstruct.pickaxe":167,"stat.useItem.pyrotech.tar_collector":8,"stat.pickup.minecraft.tallgrass":115,"stat.pickup.minecraft.sapling":123,"stat.pickup.minecraft.apple":16,"stat.pickup.artisanworktables.workstation":1,"stat.mineBlock.gregtech.ore_chalcopyrite_0":71,"stat.craftItem.contenttweaker.glassy_sand":12,"stat.drop.artisanworktables.artisans_file_flint":1,"stat.drop.biomesoplenty.flower_0":9,"stat.mineBlock.minecraft.log":331,"stat.drop.rustic.cohosh":3,"stat.mineBlock.pyrotech.kiln_pit":14,"stat.pickup.minecraft.red_flower":2,"stat.sneakTime":2989,"stat.pickup.rustic.chili_pepper_seeds":11,"stat.craftItem.artisanworktables.artisans_hatchet_flint":2,"stat.drop.minecraft.yellow_flower":2,"stat.pickup.minecraft.stone_slab":180,"stat.pickup.minecraft.yellow_flower":2,"stat.drop.pyrotech.rock":21,"stat.drop.astralsorcery.blockmarble":6,"stat.drop.minecraft.pumpkin":2,"stat.mineBlock.pyrotech.tar_drain":2,"stat.pickup.forestry.sapling":9,"stat.mineBlock.minecraft.pumpkin":2,"stat.pickup.mysticalworld.silk_cocoon":20,"stat.mineBlock.minecraft.cobblestone":3,"stat.useItem.tconstruct.mattock":23,"stat.pickup.pyrotech.faucet_stone":1,"stat.mineBlock.minecraft.yellow_flower":3,"stat.drop.forestry.logs.5":12,"stat.mineBlock.gregtech.ore_gypsum_0":2,"stat.pickup.pyrotech.charcoal_block":7,"stat.drop.actuallyadditions.item_flax_seed":9,"stat.swimOneCm":55519,"stat.climbOneCm":708,"stat.drop.minecraft.cobblestone":6,"stat.useItem.minecraft.dirt":113,"stat.drop.artisanworktables.worktable":1,"stat.pickup.gregtech.ore_gypsum_0":2,"stat.pickup.thermalfoundation.ore":4,"stat.mineBlock.pyrotech.pile_slag":32,"stat.pickup.mysticalworld.silkworm_egg":65,"stat.pickup.rustic.cohosh":3,"stat.pickup.pyrotech.drying_rack":6,"stat.craftItem.artisanworktables.artisans_mortar_mason":1,"stat.mineBlock.biomesoplenty.double_plant":1,"stat.pickup.minecraft.cobblestone":945,"stat.mineBlock.minecraft.clay":146,"stat.pickup.extratrees.hops":6,"stat.flyOneCm":862150,"stat.pickup.minecraft.clay":112,"stat.mineBlock.pyrotech.pile_wood_chips":54,"stat.pickup.artisanworktables.worktable":2,"stat.pickup.rustic.slate":25,"stat.pickup.pyrotech.soaking_pot":2,"stat.mineBlock.pyrotech.stone_kiln":1,"stat.timeSinceDeath":64947,"stat.pickup.integrateddynamics.on_the_dynamics_of_integration":1,"stat.mineBlock.rustic.cohosh":1,"stat.drop.rustic.chili_pepper_seeds":10,"stat.pickup.pyrotech.material":1271,"stat.pickup.actuallyadditions.item_rice_seed":5,"stat.killEntity.Bat":1,"stat.pickup.pyrotech.bucket_clay":3,"stat.pickup.gregtech.meta_nugget":59,"stat.drop.gregtech.ore_redstone_0":3,"stat.drop.foundry.component":1,"stat.useItem.pyrotech.soaking_pot":2,"stat.mineBlock.thermalfoundation.ore":4,"stat.pickup.minecraft.stonebrick":3,"stat.drop.minecraft.dirt":11,"stat.pickup.gregtech.ore_redstone_0":3,"stat.craftItem.gregtech.meta_dust_small":88,"stat.pickup.minecraft.string":179,"stat.mineBlock.minecraft.grass":84,"stat.drop.extratrees.food":63,"stat.sprintOneCm":715515,"stat.drop.rustic.tomato_seeds":8,"stat.mineBlock.biomesoplenty.flower_0":25,"stat.craftItem.minecraft.stick":112,"stat.drop.pyrotech.material":15,"stat.mineBlock.rustic.wildberry_bush":6,"stat.mineBlock.gregtech.ore_redstone_0":3,"stat.pickup.forestry.logs.5":12,"stat.drop":106,"stat.craftItem.artisanworktables.artisans_handsaw_flint":4,"stat.pickup.roots.terra_spores":7,"stat.diveOneCm":70887,"stat.pickup.minecraft.wheat":1,"stat.pickup.rustic.wildberry_bush":6,"stat.mineBlock.pyrotech.compacting_bin":1,"stat.mineBlock.pyrotech.bellows":1,"stat.pickup.minecraft.gravel":360,"stat.pickup.tconstruct.sharpening_kit":1,"stat.pickup.minecraft.brick":7,"stat.jump":3742,"stat.useItem.actuallyadditions.item_flax_seed":25,"stat.useItem.minecraft.sand":28,"stat.pickup.minecraft.coal":361,"stat.drop.biomesoplenty.mudball":8,"stat.pickup.actuallyadditions.block_black_lotus":1,"stat.craftItem.minecraft.torch":16,"stat.pickup.minecraft.dirt":306,"stat.pickup.pyrotech.bellows":1,"stat.pickup.actuallyadditions.item_flax_seed":57,"stat.pickup.rustic.tomato_seeds":9,"stat.pickup.pyrotech.slag":68,"stat.damageTaken":780,"stat.pickup.minecraft.leather":6,"stat.craftItem.pyrotech.flint_and_tinder":8,"stat.mineBlock.minecraft.red_flower":2,"stat.mineBlock.minecraft.torch":4,"stat.drop.extratrees.hops":5,"stat.useItem.gregtech.meta_tool":1308,"stat.pickup.minecraft.reeds":711,"stat.drop.extratrees.logs.9":8,"stat.craftItem.pyrotech.stone_shears":2,"stat.drop.biomesoplenty.plant_1":4,"stat.damageDealt":460,"stat.killEntity.Cow":4,"stat.drop.biomesoplenty.plant_0":17,"stat.mineBlock.artisanworktables.worktable":2,"stat.pickup.pyrotech.strange_tuber":6,"stat.craftItem.artisanworktables.artisans_chisel_mason":1,"stat.useItem.minecraft.air":123,"stat.useItem.tconstruct.shovel":360,"stat.walkOneCm":552611,"stat.useItem.minecraft.chest":2,"stat.drop.minecraft.wheat":1,"stat.pickup.minecraft.stick":270,"stat.pickup.gregtech.meta_dust_tiny":18,"stat.pickup.minecraft.clay_ball":576,"stat.pickup.biomesoplenty.sapling_1":60,"stat.pickup.pyrotech.tar_collector":3,"stat.useItem.actuallyadditions.item_worm":1,"stat.drop.biomesoplenty.sapling_1":13,"stat.pickup.minecraft.stone":60,"stat.pickup.biomesoplenty.mudball":8,"stat.useItem.pyrotech.stone_kiln":3,"stat.drop.gregtechfoodoption.gtfo_meta_item":1,"stat.useItem.pyrotech.log_pile":47,"stat.useItem.biomesoplenty.sapling_1":28,"stat.pickup.harvestcraft.queenbeeitem":1,"stat.craftItem.artisanworktables.artisans_hammer_flint":1,"stat.pickup.gregtech.ore_chalcopyrite_0":71,"stat.pickup.pyrotech.sawmill_blade_flint":1,"stat.mobKills":5,"stat.pickup.harvestcraft.plumitem":16,"stat.mineBlock.minecraft.leaves":24,"stat.craftItem.gregtech.meta_dust":321,"stat.pickup.minecraft.torch":35,"stat.pickup.astralsorcery.blockmarble":54,"stat.mineBlock.minecraft.stone":944,"stat.useItem.tconstruct.hatchet":326,"stat.pickup.ftbquests.book":1}