{
  "minecraft:recipes/tools/fishing_rod": {
    "criteria": {
      "has_string": "2022-05-07 22:33:54 -0500"
    },
    "done": true
  },
  "aether_legacy:recipes/misc/saddle": {
    "criteria": {
      "has_leather": "2022-05-13 00:00:58 -0500"
    },
    "done": true
  },
  "minecraft:recipes/decorations/purple_stained_glass_pane": {
    "criteria": {
      "has_glass": "2022-05-12 05:47:25 -0500"
    },
    "done": true
  },
  "minecraft:recipes/building_blocks/black_stained_glass": {
    "criteria": {
      "has_glass": "2022-05-12 05:47:25 -0500"
    },
    "done": true
  },
  "minecraft:recipes/redstone/lever": {
    "criteria": {
      "has_cobblestone": "2022-05-07 23:05:52 -0500"
    },
    "done": true
  },
  "minecraft:recipes/building_blocks/magenta_concrete_powder": {
    "criteria": {
      "has_gravel": "2022-05-07 23:01:11 -0500"
    },
    "done": true
  },
  "pyrotech:stone_machines": {
    "criteria": {
      "kiln": "2022-05-08 11:41:00 -0500",
      "oven": "2022-05-08 11:41:00 -0500",
      "sawmill": "2022-05-08 11:41:00 -0500",
      "crucible": "2022-05-12 05:49:54 -0500"
    },
    "done": true
  },
  "biomesoplenty:recipes/buildingblocks/coarse_silty_dirt": {
    "criteria": {
      "has_gravel": "2022-05-07 23:01:11 -0500"
    },
    "done": true
  },
  "pyrotech:bellows": {
    "criteria": {
      "crucible": "2022-05-13 00:19:34 -0500"
    },
    "done": true
  },
  "mysticalworld:root": {
    "criteria": {
      "auto": "2022-05-07 22:33:15 -0500"
    },
    "done": true
  },
  "roots:wildroot": {
    "criteria": {
      "book": "2022-05-07 22:39:09 -0500"
    },
    "done": true
  },
  "astralsorcery:root": {
    "criteria": {
      "astralsorcery_present": "2022-05-07 22:33:15 -0500"
    },
    "done": true
  },
  "minecraft:recipes/building_blocks/lime_concrete_powder": {
    "criteria": {
      "has_gravel": "2022-05-07 23:01:11 -0500"
    },
    "done": true
  },
  "pyrotech:stone_brick": {
    "criteria": {
      "crucible": "2022-05-07 23:29:19 -0500"
    },
    "done": true
  },
  "minecraft:recipes/building_blocks/gray_stained_glass": {
    "criteria": {
      "has_glass": "2022-05-12 05:47:25 -0500"
    },
    "done": true
  },
  "minecraft:recipes/building_blocks/yellow_concrete_powder": {
    "criteria": {
      "has_gravel": "2022-05-07 23:01:11 -0500"
    },
    "done": true
  },
  "minecraft:recipes/brewing/glass_bottle": {
    "criteria": {
      "has_glass": "2022-05-12 05:47:25 -0500"
    },
    "done": true
  },
  "minecraft:recipes/misc/pumpkin_seeds": {
    "criteria": {
      "has_pumpkin": "2022-05-07 22:33:41 -0500"
    },
    "done": true
  },
  "minecraft:recipes/combat/leather_helmet": {
    "criteria": {
      "has_leather": "2022-05-13 00:00:58 -0500"
    },
    "done": true
  },
  "biomesoplenty:recipes/transportation/boat_fir": {
    "criteria": {
      "entered_water": "2022-05-07 22:33:15 -0500"
    },
    "done": true
  },
  "minecraft:recipes/decorations/light_blue_stained_glass_pane": {
    "criteria": {
      "has_glass": "2022-05-12 05:47:25 -0500"
    },
    "done": true
  },
  "roots:all_the_herbs_3": {
    "criteria": {
      "wildroot": "2022-05-07 22:39:09 -0500"
    },
    "done": false
  },
  "minecraft:recipes/food/bread": {
    "criteria": {
      "has_wheat": "2022-05-07 22:58:28 -0500"
    },
    "done": true
  },
  "minecraft:recipes/building_blocks/purple_stained_glass": {
    "criteria": {
      "has_glass": "2022-05-12 05:47:25 -0500"
    },
    "done": true
  },
  "minecraft:recipes/redstone/trapdoor": {
    "criteria": {
      "has_planks": "2022-05-07 22:48:57 -0500"
    },
    "done": true
  },
  "pyrotech:stone": {
    "criteria": {
      "stone": "2022-05-07 23:28:16 -0500"
    },
    "done": true
  },
  "minecraft:recipes/decorations/ladder": {
    "criteria": {
      "has_stick": "2022-05-07 22:34:46 -0500"
    },
    "done": true
  },
  "minecraft:recipes/decorations/lime_stained_glass_pane": {
    "criteria": {
      "has_glass": "2022-05-12 05:47:25 -0500"
    },
    "done": true
  },
  "minecraft:recipes/building_blocks/brown_concrete_powder": {
    "criteria": {
      "has_gravel": "2022-05-07 23:01:11 -0500"
    },
    "done": true
  },
  "pyrotech:straw_bale": {
    "criteria": {
      "straw": "2022-05-07 23:08:05 -0500"
    },
    "done": true
  },
  "minecraft:recipes/decorations/magenta_stained_glass_pane": {
    "criteria": {
      "has_glass": "2022-05-12 05:47:25 -0500"
    },
    "done": true
  },
  "minecraft:recipes/building_blocks/white_stained_glass": {
    "criteria": {
      "has_glass": "2022-05-12 05:47:25 -0500"
    },
    "done": true
  },
  "biomesoplenty:recipes/transportation/boat_sacred_oak": {
    "criteria": {
      "entered_water": "2022-05-07 22:33:15 -0500"
    },
    "done": true
  },
  "biomesoplenty:recipes/transportation/boat_pine": {
    "criteria": {
      "entered_water": "2022-05-07 22:33:15 -0500"
    },
    "done": true
  },
  "minecraft:recipes/redstone/wooden_pressure_plate": {
    "criteria": {
      "has_planks": "2022-05-07 22:48:57 -0500"
    },
    "done": true
  },
  "minecraft:recipes/decorations/cyan_stained_glass_pane": {
    "criteria": {
      "has_glass": "2022-05-12 05:47:25 -0500"
    },
    "done": true
  },
  "minecraft:recipes/building_blocks/blue_stained_glass": {
    "criteria": {
      "has_glass": "2022-05-12 05:47:25 -0500"
    },
    "done": true
  },
  "minecraft:recipes/combat/arrow": {
    "criteria": {
      "has_flint": "2022-05-07 23:03:11 -0500"
    },
    "done": true
  },
  "minecraft:recipes/decorations/sign": {
    "criteria": {
      "has_planks": "2022-05-07 22:48:57 -0500"
    },
    "done": true
  },
  "minecraft:recipes/misc/yellow_dye_from_dandelion": {
    "criteria": {
      "has_yellow_flower": "2022-05-07 23:24:12 -0500"
    },
    "done": true
  },
  "biomesoplenty:recipes/buildingblocks/coarse_loamy_dirt": {
    "criteria": {
      "has_gravel": "2022-05-07 23:01:11 -0500"
    },
    "done": true
  },
  "minecraft:recipes/building_blocks/green_stained_glass": {
    "criteria": {
      "has_glass": "2022-05-12 05:47:25 -0500"
    },
    "done": true
  },
  "roots:root": {
    "criteria": {
      "auto": "2022-05-07 22:33:15 -0500"
    },
    "done": true
  },
  "minecraft:recipes/tools/flint_and_steel": {
    "criteria": {
      "has_flint": "2022-05-07 23:03:11 -0500"
    },
    "done": true
  },
  "minecraft:recipes/combat/wooden_sword": {
    "criteria": {
      "has_stick": "2022-05-07 22:34:46 -0500"
    },
    "done": true
  },
  "minecraft:recipes/redstone/wooden_button": {
    "criteria": {
      "has_planks": "2022-05-07 22:48:57 -0500"
    },
    "done": true
  },
  "minecraft:recipes/decorations/yellow_stained_glass_pane": {
    "criteria": {
      "has_glass": "2022-05-12 05:47:25 -0500"
    },
    "done": true
  },
  "biomesoplenty:recipes/transportation/boat_ethereal": {
    "criteria": {
      "entered_water": "2022-05-07 22:33:15 -0500"
    },
    "done": true
  },
  "minecraft:recipes/building_blocks/blue_concrete_powder": {
    "criteria": {
      "has_gravel": "2022-05-07 23:01:11 -0500"
    },
    "done": true
  },
  "biomesoplenty:recipes/transportation/boat_cherry": {
    "criteria": {
      "entered_water": "2022-05-07 22:33:15 -0500"
    },
    "done": true
  },
  "minecraft:recipes/building_blocks/gray_concrete_powder": {
    "criteria": {
      "has_gravel": "2022-05-07 23:01:11 -0500"
    },
    "done": true
  },
  "minecraft:recipes/building_blocks/cyan_stained_glass": {
    "criteria": {
      "has_glass": "2022-05-12 05:47:25 -0500"
    },
    "done": true
  },
  "biomesoplenty:recipes/misc/white_dye_from_white_anemone": {
    "criteria": {
      "has_flower": "2022-05-07 22:58:20 -0500"
    },
    "done": true
  },
  "minecraft:recipes/food/mushroom_stew": {
    "criteria": {
      "has_bowl": "2022-05-09 20:02:26 -0500"
    },
    "done": true
  },
  "aether_legacy:recipes/combat/leather_gloves": {
    "criteria": {
      "has_leather": "2022-05-13 00:00:58 -0500"
    },
    "done": true
  },
  "minecraft:recipes/decorations/fence": {
    "criteria": {
      "has_planks": "2022-05-07 22:48:57 -0500"
    },
    "done": true
  },
  "pyrotech:pit_kiln": {
    "criteria": {
      "anvil": "2022-05-07 23:07:47 -0500"
    },
    "done": true
  },
  "minecraft:recipes/redstone/tripwire_hook": {
    "criteria": {
      "has_string": "2022-05-07 22:33:54 -0500"
    },
    "done": true
  },
  "biomesoplenty:biomesoplenty/root": {
    "criteria": {
      "bop_flower_0": "2022-05-07 22:39:11 -0500"
    },
    "done": true
  },
  "minecraft:recipes/building_blocks/black_concrete_powder": {
    "criteria": {
      "has_gravel": "2022-05-07 23:01:11 -0500"
    },
    "done": true
  },
  "minecraft:recipes/building_blocks/coarse_dirt": {
    "criteria": {
      "has_gravel": "2022-05-07 23:01:11 -0500"
    },
    "done": true
  },
  "biomesoplenty:recipes/transportation/boat_ebony": {
    "criteria": {
      "entered_water": "2022-05-07 22:33:15 -0500"
    },
    "done": true
  },
  "biomesoplenty:recipes/transportation/boat_hellbark": {
    "criteria": {
      "entered_water": "2022-05-07 22:33:15 -0500"
    },
    "done": true
  },
  "minecraft:recipes/decorations/orange_stained_glass_pane": {
    "criteria": {
      "has_glass": "2022-05-12 05:47:25 -0500"
    },
    "done": true
  },
  "minecraft:recipes/redstone/fence_gate": {
    "criteria": {
      "has_planks": "2022-05-07 22:48:57 -0500"
    },
    "done": true
  },
  "biomesoplenty:recipes/transportation/boat_mangrove": {
    "criteria": {
      "entered_water": "2022-05-07 22:33:15 -0500"
    },
    "done": true
  },
  "integrateddynamics:root": {
    "criteria": {
      "criteria_0": "2022-05-07 22:34:18 -0500"
    },
    "done": true
  },
  "minecraft:recipes/redstone/stone_button": {
    "criteria": {
      "has_stone": "2022-05-07 23:28:16 -0500"
    },
    "done": true
  },
  "nuclearcraft:root": {
    "criteria": {
      "location": "2022-05-07 22:33:15 -0500"
    },
    "done": true
  },
  "enderioconduits:root": {
    "criteria": {
      "inv_changed-enderio:gravel": "2022-05-07 23:01:11 -0500",
      "inv_changed-enderio:clay": "2022-05-07 23:11:33 -0500",
      "inv_changed-enderio:sand": "2022-05-12 05:37:06 -0500"
    },
    "done": true
  },
  "minecraft:recipes/building_blocks/light_gray_concrete_powder": {
    "criteria": {
      "has_gravel": "2022-05-07 23:01:11 -0500"
    },
    "done": true
  },
  "minecraft:recipes/building_blocks/light_blue_concrete_powder": {
    "criteria": {
      "has_gravel": "2022-05-07 23:01:11 -0500"
    },
    "done": true
  },
  "biomesoplenty:recipes/transportation/boat_eucalyptus": {
    "criteria": {
      "entered_water": "2022-05-07 22:33:15 -0500"
    },
    "done": true
  },
  "pyrotech:flint_and_tinder": {
    "criteria": {
      "campfire": "2022-05-07 23:06:54 -0500"
    },
    "done": true
  },
  "twilightforest:alt/compat/tconstruct": {
    "criteria": {
      "book": "2022-05-07 22:33:15 -0500"
    },
    "done": true
  },
  "minecraft:recipes/combat/leather_leggings": {
    "criteria": {
      "has_leather": "2022-05-13 00:00:58 -0500"
    },
    "done": true
  },
  "minecraft:recipes/building_blocks/pink_concrete_powder": {
    "criteria": {
      "has_gravel": "2022-05-07 23:01:11 -0500"
    },
    "done": true
  },
  "minecraft:recipes/combat/bow": {
    "criteria": {
      "has_string": "2022-05-07 22:33:54 -0500"
    },
    "done": true
  },
  "minecraft:recipes/building_blocks/red_concrete_powder": {
    "criteria": {
      "has_gravel": "2022-05-07 23:01:11 -0500"
    },
    "done": true
  },
  "minecraft:recipes/building_blocks/string_to_wool": {
    "criteria": {
      "has_string": "2022-05-07 22:33:54 -0500"
    },
    "done": true
  },
  "pyrotech:stone_slab": {
    "criteria": {
      "anvil": "2022-05-07 23:28:15 -0500"
    },
    "done": true
  },
  "pyrotech:bloomery": {
    "criteria": {
      "item": "2022-05-13 00:18:28 -0500"
    },
    "done": true
  },
  "biomesoplenty:recipes/transportation/boat_mahogany": {
    "criteria": {
      "entered_water": "2022-05-07 22:33:15 -0500"
    },
    "done": true
  },
  "minecraft:recipes/decorations/black_stained_glass_pane": {
    "criteria": {
      "has_glass": "2022-05-12 05:47:25 -0500"
    },
    "done": true
  },
  "minecraft:recipes/combat/leather_chestplate": {
    "criteria": {
      "has_leather": "2022-05-13 00:00:58 -0500"
    },
    "done": true
  },
  "minecraft:recipes/building_blocks/yellow_stained_glass": {
    "criteria": {
      "has_glass": "2022-05-12 05:47:25 -0500"
    },
    "done": true
  },
  "minecraft:recipes/building_blocks/purple_concrete_powder": {
    "criteria": {
      "has_gravel": "2022-05-07 23:01:11 -0500"
    },
    "done": true
  },
  "biomesoplenty:recipes/buildingblocks/coarse_sandy_dirt": {
    "criteria": {
      "has_gravel": "2022-05-07 23:01:11 -0500"
    },
    "done": true
  },
  "minecraft:recipes/misc/sugar": {
    "criteria": {
      "has_reeds": "2022-05-07 22:38:50 -0500"
    },
    "done": true
  },
  "gregtech:steam/1_first_tools": {
    "criteria": {
      "location": "2022-05-12 23:16:42 -0500"
    },
    "done": true
  },
  "minecraft:recipes/building_blocks/brick_stairs": {
    "criteria": {
      "has_brick_block": "2022-05-12 23:41:15 -0500"
    },
    "done": true
  },
  "biomesoplenty:biomesoplenty/all_biomes": {
    "criteria": {
      "xeric_shrubland": "2022-05-07 22:40:09 -0500",
      "wetland": "2022-05-07 22:43:17 -0500",
      "maple_woods": "2022-05-07 22:50:17 -0500",
      "eucalyptus_forest": "2022-05-13 00:41:48 -0500",
      "dead_forest": "2022-05-07 23:00:43 -0500",
      "kelp_forest": "2022-05-12 23:22:56 -0500"
    },
    "done": false
  },
  "minecraft:story/mine_stone": {
    "criteria": {
      "get_stone": "2022-05-07 23:05:52 -0500"
    },
    "done": true
  },
  "biomesoplenty:recipes/misc/brown_dye_from_cattail": {
    "criteria": {
      "has_flower": "2022-05-07 22:34:24 -0500"
    },
    "done": true
  },
  "minecraft:adventure/adventuring_time": {
    "criteria": {
      "forest": "2022-05-07 23:00:27 -0500",
      "swampland": "2022-05-07 22:33:15 -0500",
      "beaches": "2022-05-07 22:42:07 -0500",
      "forest_hills": "2022-05-13 00:44:10 -0500",
      "plains": "2022-05-07 22:44:15 -0500",
      "ocean": "2022-05-07 23:01:08 -0500"
    },
    "done": false
  },
  "minecraft:recipes/decorations/armor_stand": {
    "criteria": {
      "has_stone_slab": "2022-05-07 23:28:15 -0500"
    },
    "done": true
  },
  "minecraft:recipes/decorations/gray_stained_glass_pane": {
    "criteria": {
      "has_glass": "2022-05-12 05:47:25 -0500"
    },
    "done": true
  },
  "minecraft:recipes/misc/book": {
    "criteria": {
      "has_paper": "2022-05-08 12:06:38 -0500"
    },
    "done": true
  },
  "minecraft:recipes/building_blocks/sandstone": {
    "criteria": {
      "has_sand": "2022-05-12 05:37:06 -0500"
    },
    "done": true
  },
  "minecraft:recipes/building_blocks/red_stained_glass": {
    "criteria": {
      "has_glass": "2022-05-12 05:47:25 -0500"
    },
    "done": true
  },
  "minecraft:recipes/decorations/green_stained_glass_pane": {
    "criteria": {
      "has_glass": "2022-05-12 05:47:25 -0500"
    },
    "done": true
  },
  "biomesoplenty:recipes/misc/cyan_dye_from_swampflower": {
    "criteria": {
      "has_flower": "2022-05-07 22:39:11 -0500"
    },
    "done": true
  },
  "pyrotech:refractory_brick": {
    "criteria": {
      "crucible": "2022-05-13 00:15:24 -0500"
    },
    "done": true
  },
  "pyrotech:charcoal": {
    "criteria": {
      "crucible": "2022-05-08 11:31:11 -0500"
    },
    "done": true
  },
  "biomesoplenty:recipes/transportation/boat_willow": {
    "criteria": {
      "entered_water": "2022-05-07 22:33:15 -0500"
    },
    "done": true
  },
  "minecraft:recipes/building_blocks/oak_stairs": {
    "criteria": {
      "has_planks": "2022-05-07 22:48:57 -0500"
    },
    "done": true
  },
  "minecraft:recipes/decorations/cobblestone_wall": {
    "criteria": {
      "has_cobblestone": "2022-05-07 23:05:52 -0500"
    },
    "done": true
  },
  "minecraft:recipes/building_blocks/green_concrete_powder": {
    "criteria": {
      "has_gravel": "2022-05-07 23:01:11 -0500"
    },
    "done": true
  },
  "biomesoplenty:recipes/transportation/boat_redwood": {
    "criteria": {
      "entered_water": "2022-05-07 22:33:15 -0500"
    },
    "done": true
  },
  "minecraft:recipes/building_blocks/orange_stained_glass": {
    "criteria": {
      "has_glass": "2022-05-12 05:47:25 -0500"
    },
    "done": true
  },
  "minecraft:adventure/root": {
    "criteria": {
      "killed_something": "2022-05-07 23:27:23 -0500"
    },
    "done": true
  },
  "minecraft:recipes/redstone/stone_pressure_plate": {
    "criteria": {
      "has_stone": "2022-05-07 23:28:16 -0500"
    },
    "done": true
  },
  "minecraft:recipes/building_blocks/brown_stained_glass": {
    "criteria": {
      "has_glass": "2022-05-12 05:47:25 -0500"
    },
    "done": true
  },
  "biomesoplenty:recipes/buildingblocks/white_wool_from_cattails": {
    "criteria": {
      "has_log": "2022-05-07 22:34:24 -0500"
    },
    "done": true
  },
  "minecraft:recipes/combat/leather_boots": {
    "criteria": {
      "has_leather": "2022-05-13 00:00:58 -0500"
    },
    "done": true
  },
  "minecraft:recipes/building_blocks/white_concrete_powder": {
    "criteria": {
      "has_gravel": "2022-05-07 23:01:11 -0500"
    },
    "done": true
  },
  "minecraft:recipes/building_blocks/light_gray_stained_glass": {
    "criteria": {
      "has_glass": "2022-05-12 05:47:25 -0500"
    },
    "done": true
  },
  "minecraft:recipes/decorations/item_frame": {
    "criteria": {
      "has_leather": "2022-05-13 00:00:58 -0500"
    },
    "done": true
  },
  "minecraft:recipes/food/pumpkin_pie": {
    "criteria": {
      "has_pumpkin": "2022-05-07 22:33:41 -0500"
    },
    "done": true
  },
  "biomesoplenty:recipes/transportation/boat_jacaranda": {
    "criteria": {
      "entered_water": "2022-05-07 22:33:15 -0500"
    },
    "done": true
  },
  "biomesoplenty:recipes/transportation/boat_umbran": {
    "criteria": {
      "entered_water": "2022-05-07 22:33:15 -0500"
    },
    "done": true
  },
  "minecraft:recipes/decorations/flower_pot": {
    "criteria": {
      "has_brick": "2022-05-07 23:39:44 -0500"
    },
    "done": true
  },
  "minecraft:recipes/decorations/red_stained_glass_pane": {
    "criteria": {
      "has_glass": "2022-05-12 05:47:25 -0500"
    },
    "done": true
  },
  "minecraft:recipes/decorations/white_stained_glass_pane": {
    "criteria": {
      "has_glass": "2022-05-12 05:47:25 -0500"
    },
    "done": true
  },
  "roots:pacifist": {
    "criteria": {
      "book": "2022-05-13 00:00:57 -0500"
    },
    "done": true
  },
  "pyrotech:root": {
    "criteria": {
      "mod_item": "2022-05-07 22:36:46 -0500"
    },
    "done": true
  },
  "minecraft:recipes/building_blocks/lit_pumpkin": {
    "criteria": {
      "has_pumpkin": "2022-05-07 22:33:41 -0500"
    },
    "done": true
  },
  "biomesoplenty:recipes/misc/light_gray_dye_from_clover": {
    "criteria": {
      "has_flower": "2022-05-07 22:48:25 -0500"
    },
    "done": true
  },
  "pyrotech:cobblestone": {
    "criteria": {
      "cobblestone": "2022-05-07 23:05:52 -0500"
    },
    "done": true
  },
  "pyrotech:chopping_block": {
    "criteria": {
      "anvil": "2022-05-07 22:47:42 -0500"
    },
    "done": true
  },
  "minecraft:recipes/building_blocks/stonebrick": {
    "criteria": {
      "has_stone": "2022-05-07 23:28:16 -0500"
    },
    "done": true
  },
  "biomesoplenty:recipes/tools/empty_jar": {
    "criteria": {
      "has_glass": "2022-05-12 05:47:25 -0500"
    },
    "done": true
  },
  "biomesoplenty:recipes/food/bowl_of_rice": {
    "criteria": {
      "has_bowl": "2022-05-09 20:02:26 -0500"
    },
    "done": true
  },
  "minecraft:recipes/building_blocks/lime_stained_glass": {
    "criteria": {
      "has_glass": "2022-05-12 05:47:25 -0500"
    },
    "done": true
  },
  "minecraft:recipes/decorations/pink_stained_glass_pane": {
    "criteria": {
      "has_glass": "2022-05-12 05:47:25 -0500"
    },
    "done": true
  },
  "minecraft:recipes/building_blocks/stone_stairs": {
    "criteria": {
      "has_cobblestone": "2022-05-07 23:05:52 -0500"
    },
    "done": true
  },
  "minecraft:recipes/decorations/brown_stained_glass_pane": {
    "criteria": {
      "has_glass": "2022-05-12 05:47:25 -0500"
    },
    "done": true
  },
  "minecraft:recipes/decorations/glass_pane": {
    "criteria": {
      "has_glass": "2022-05-12 05:47:25 -0500"
    },
    "done": true
  },
  "biomesoplenty:recipes/buildingblocks/mud": {
    "criteria": {
      "has_item": "2022-05-12 23:19:45 -0500"
    },
    "done": true
  },
  "biomesoplenty:recipes/transportation/boat_magic": {
    "criteria": {
      "entered_water": "2022-05-07 22:33:15 -0500"
    },
    "done": true
  },
  "minecraft:recipes/building_blocks/magenta_stained_glass": {
    "criteria": {
      "has_glass": "2022-05-12 05:47:25 -0500"
    },
    "done": true
  },
  "minecraft:recipes/misc/light_gray_dye_from_oxeye_daisy": {
    "criteria": {
      "has_red_flower": "2022-05-07 22:58:30 -0500"
    },
    "done": true
  },
  "pyrotech:dried_plant_fibers": {
    "criteria": {
      "dried_plant_fibers": "2022-05-07 22:39:07 -0500"
    },
    "done": true
  },
  "biomesoplenty:recipes/transportation/boat_palm": {
    "criteria": {
      "entered_water": "2022-05-07 22:33:15 -0500"
    },
    "done": true
  },
  "pyrotech:granite_anvil": {
    "criteria": {
      "anvil": "2022-05-07 23:28:38 -0500"
    },
    "done": true
  },
  "minecraft:recipes/redstone/wooden_door": {
    "criteria": {
      "has_planks": "2022-05-07 22:48:57 -0500"
    },
    "done": true
  },
  "minecraft:recipes/misc/pink_dye_from_pink_tulip": {
    "criteria": {
      "has_red_flower": "2022-05-07 23:24:25 -0500"
    },
    "done": true
  },
  "minecraft:recipes/building_blocks/brick_block": {
    "criteria": {
      "has_brick": "2022-05-07 23:39:44 -0500"
    },
    "done": true
  },
  "minecraft:recipes/building_blocks/light_blue_stained_glass": {
    "criteria": {
      "has_glass": "2022-05-12 05:47:25 -0500"
    },
    "done": true
  },
  "minecraft:recipes/building_blocks/orange_concrete_powder": {
    "criteria": {
      "has_gravel": "2022-05-07 23:01:11 -0500"
    },
    "done": true
  },
  "minecraft:recipes/building_blocks/chiseled_stonebrick": {
    "criteria": {
      "has_stonebrick": "2022-05-07 23:28:58 -0500"
    },
    "done": true
  },
  "minecraft:recipes/building_blocks/cyan_concrete_powder": {
    "criteria": {
      "has_gravel": "2022-05-07 23:01:11 -0500"
    },
    "done": true
  },
  "minecraft:recipes/building_blocks/pink_stained_glass": {
    "criteria": {
      "has_glass": "2022-05-12 05:47:25 -0500"
    },
    "done": true
  },
  "minecraft:recipes/building_blocks/stone_brick_stairs": {
    "criteria": {
      "has_stonebrick": "2022-05-07 23:28:58 -0500"
    },
    "done": true
  },
  "minecraft:recipes/decorations/light_gray_stained_glass_pane": {
    "criteria": {
      "has_glass": "2022-05-12 05:47:25 -0500"
    },
    "done": true
  },
  "minecraft:recipes/decorations/blue_stained_glass_pane": {
    "criteria": {
      "has_glass": "2022-05-12 05:47:25 -0500"
    },
    "done": true
  }
}