{"stat.chestOpened":259,"stat.useItem.minecraft.string":2,"stat.pickup.rustic.wildberry_bush":5,"stat.mineBlock.pyrotech.campfire":2,"stat.pickup.minecraft.wooden_slab":10,"stat.pickup.minecraft.gravel":193,"stat.pickup.mysticalworld.silk_cocoon":2,"stat.useItem.tconstruct.mattock":39,"stat.craftItem.akashictome.tome":9,"stat.drop.actuallyadditions.item_flax_seed":10,"stat.pickup.minecraft.brick":6,"stat.jump":1413,"stat.swimOneCm":11134,"stat.useItem.actuallyadditions.item_flax_seed":38,"stat.mineBlock.harvestcraft.beehive":2,"stat.craftItem.artisanworktables.artisans_hammer_mason":2,"stat.fallOneCm":38846,"stat.climbOneCm":1537,"stat.drop.tconstruct.pickaxe":1,"stat.pickup.pyrotech.rock":34,"stat.craftItem.pyrotech.material":235,"stat.craftItem.artisanworktables.worktable":2,"stat.pickup.gregtechfoodoption.gtfo_meta_item":14,"stat.mineBlock.pyrotech.rock":2,"stat.drop.minecraft.bowl":1,"stat.crouchOneCm":10564,"stat.pickup.actuallyadditions.item_food":4,"stat.pickup.minecraft.dirt":136,"stat.useItem.minecraft.dirt":98,"stat.drop.artisanworktables.worktable":1,"stat.useItem.minecraft.sapling":28,"stat.mineBlock.rustic.beehive":2,"stat.pickup.actuallyadditions.item_flax_seed":58,"stat.craftItem.pyrotech.tinder":3,"stat.pickup.minecraft.leaves":3,"stat.pickup.mysticalworld.silkworm_egg":21,"stat.damageTaken":30,"stat.craftItem.pyrotech.flint_and_tinder":4,"stat.mineBlock.minecraft.red_flower":1,"stat.useItem.minecraft.reeds":45,"stat.mineBlock.biomesoplenty.double_plant":5,"stat.pickup.minecraft.cobblestone":145,"stat.mineBlock.minecraft.sapling":1,"stat.mineBlock.biomesoplenty.plant_0":52,"stat.drop.extratrees.hops":3,"stat.pickup.minecraft.planks":66,"stat.mineBlock.minecraft.clay":14,"stat.pickup.extratrees.hops":4,"stat.pickup.minecraft.reeds":122,"stat.pickup.biomesoplenty.plant_0":7,"stat.flyOneCm":294022,"stat.pickup.rustic.honeycomb":2,"stat.pickup.minecraft.wheat_seeds":8,"stat.pickup.artisanworktables.worktable":2,"stat.craftItem.pyrotech.stone_shears":2,"stat.mineBlock.minecraft.gravel":193,"stat.useItem.mysticalworld.silkworm_egg":6,"stat.useItem.pyrotech.stone_shears":1,"stat.timeSinceDeath":142013,"stat.drop.pyrotech.strange_tuber":2,"stat.mineBlock.minecraft.dirt":26,"stat.drop.biomesoplenty.plant_0":1,"stat.drop.mysticalworld.silkworm_egg":4,"stat.pickup.integrateddynamics.on_the_dynamics_of_integration":1,"stat.drop.rustic.chili_pepper_seeds":1,"stat.pickup.pyrotech.material":354,"stat.mineBlock.artisanworktables.worktable":2,"stat.pickup.actuallyadditions.item_rice_seed":5,"stat.pickup.pyrotech.strange_tuber":2,"stat.useItem.minecraft.air":44,"stat.mineBlock.pyrotech.tar_collector":1,"stat.useItem.tconstruct.shovel":307,"stat.walkOneCm":277751,"stat.pickup.rustic.bee":4,"stat.pickup.immersiveengineering.seed":1,"stat.drop.mekanism.salt":2,"stat.pickup.pyrotech.bucket_clay":2,"stat.useItem.minecraft.chest":2,"stat.pickup.roots.wildroot":5,"stat.mineBlock.mekanism.saltblock":1,"stat.craftItem.mysticalworld.silk_thread":2,"stat.pickup.minecraft.stick":142,"stat.pickup.rustic.wildberries":1,"stat.pickup.minecraft.clay_ball":56,"stat.pickup.minecraft.stonebrick":2,"stat.useItem.minecraft.cobblestone":1,"stat.pickup.pyrotech.tar_collector":1,"stat.useItem.minecraft.gravel":1,"stat.pickup.mekanism.salt":2,"stat.pickup.tconstruct.pickaxe":2,"stat.useItem.pyrotech.anvil_granite":2,"stat.drop.minecraft.red_flower":1,"stat.pickup.minecraft.log":205,"stat.pickup.minecraft.string":160,"stat.mineBlock.minecraft.grass":112,"stat.useItem.tconstruct.pickaxe":148,"stat.pickup.pyrotech.kiln_pit":1,"stat.pickup.minecraft.tallgrass":168,"stat.pickup.minecraft.stone":65,"stat.drop.minecraft.sapling":14,"stat.drop.harvestcraft.pizzasoupitem":1,"stat.pickup.minecraft.sapling":67,"stat.sprintOneCm":291215,"stat.pickup.biomesoplenty.flower_0":2,"stat.mineBlock.biomesoplenty.flower_0":3,"stat.pickup.minecraft.apple":9,"stat.drop.harvestcraft.queenbeeitem":1,"stat.craftItem.minecraft.stick":48,"stat.drop.pyrotech.material":1,"stat.craftItem.pyrotech.thatch":16,"stat.mineBlock.rustic.wildberry_bush":5,"stat.pickup.harvestcraft.pizzasoupitem":1,"stat.useItem.pyrotech.log_pile":2,"stat.pickup.pyrotech.tinder":1,"stat.pickup.harvestcraft.queenbeeitem":2,"stat.craftItem.artisanworktables.artisans_hammer_flint":1,"stat.useItem.pyrotech.drying_rack":3,"stat.drop.rustic.wildberries":1,"stat.mineBlock.minecraft.log":202,"stat.useItem.pyrotech.kiln_pit":8,"stat.pickup.minecraft.bowl":1,"stat.mineBlock.pyrotech.kiln_pit":17,"stat.drop":22,"stat.mineBlock.minecraft.leaves":54,"stat.pickup.minecraft.egg":2,"stat.playOneMinute":142013,"stat.pickup.mysticalworld.aubergine_seed":1,"stat.pickup.minecraft.red_flower":1,"stat.sneakTime":3156,"stat.pickup.minecraft.slime_ball":5,"stat.pickup.rustic.chili_pepper_seeds":5,"stat.mineBlock.actuallyadditions.block_wild":33,"stat.craftItem.artisanworktables.artisans_handsaw_flint":3,"stat.craftItem.pyrotech.kiln_pit":17,"stat.craftItem.artisanworktables.artisans_hatchet_flint":2,"stat.drop.roots.terra_spores":2,"stat.pickup.minecraft.stone_slab":100,"stat.pickup.roots.terra_spores":2,"stat.mineBlock.minecraft.stone":145,"stat.mineBlock.minecraft.tallgrass":388,"stat.craftItem.artisanworktables.artisans_file_flint":5,"stat.useItem.tconstruct.hatchet":192,"stat.diveOneCm":18379,"stat.drop.forestry.fertilizer_compound":16}