{
  "minecraft:recipes/building_blocks/pink_concrete_powder": {
    "criteria": {
      "has_gravel": "2022-04-15 23:56:44 -0500"
    },
    "done": true
  },
  "minecraft:recipes/tools/fishing_rod": {
    "criteria": {
      "has_string": "2022-04-15 23:39:50 -0500"
    },
    "done": true
  },
  "minecraft:recipes/building_blocks/red_concrete_powder": {
    "criteria": {
      "has_gravel": "2022-04-15 23:56:44 -0500"
    },
    "done": true
  },
  "minecraft:recipes/combat/bow": {
    "criteria": {
      "has_string": "2022-04-15 23:39:50 -0500"
    },
    "done": true
  },
  "pyrotech:stone_slab": {
    "criteria": {
      "anvil": "2022-04-16 00:40:10 -0500"
    },
    "done": true
  },
  "minecraft:recipes/building_blocks/string_to_wool": {
    "criteria": {
      "has_string": "2022-04-15 23:39:50 -0500"
    },
    "done": true
  },
  "biomesoplenty:recipes/transportation/boat_mahogany": {
    "criteria": {
      "entered_water": "2022-04-15 23:39:12 -0500"
    },
    "done": true
  },
  "minecraft:recipes/redstone/lever": {
    "criteria": {
      "has_cobblestone": "2022-04-16 00:20:34 -0500"
    },
    "done": true
  },
  "minecraft:recipes/building_blocks/purple_concrete_powder": {
    "criteria": {
      "has_gravel": "2022-04-15 23:56:44 -0500"
    },
    "done": true
  },
  "minecraft:recipes/building_blocks/magenta_concrete_powder": {
    "criteria": {
      "has_gravel": "2022-04-15 23:56:44 -0500"
    },
    "done": true
  },
  "pyrotech:stone_machines": {
    "criteria": {
      "kiln": "2022-04-16 01:27:26 -0500",
      "oven": "2022-04-16 01:05:57 -0500",
      "sawmill": "2022-04-16 01:27:26 -0500"
    },
    "done": false
  },
  "biomesoplenty:recipes/buildingblocks/coarse_silty_dirt": {
    "criteria": {
      "has_gravel": "2022-04-15 23:56:44 -0500"
    },
    "done": true
  },
  "biomesoplenty:recipes/buildingblocks/coarse_sandy_dirt": {
    "criteria": {
      "has_gravel": "2022-04-15 23:56:44 -0500"
    },
    "done": true
  },
  "minecraft:recipes/misc/sugar": {
    "criteria": {
      "has_reeds": "2022-04-16 00:09:38 -0500"
    },
    "done": true
  },
  "roots:wildroot": {
    "criteria": {
      "book": "2022-04-15 23:37:25 -0500"
    },
    "done": true
  },
  "mysticalworld:root": {
    "criteria": {
      "auto": "2022-04-15 23:33:39 -0500"
    },
    "done": true
  },
  "biomesoplenty:recipes/misc/purple_dye_from_violet": {
    "criteria": {
      "has_flower": "2022-04-16 00:04:22 -0500"
    },
    "done": true
  },
  "minecraft:recipes/redstone/sticky_piston": {
    "criteria": {
      "has_slime_ball": "2022-04-15 23:48:59 -0500"
    },
    "done": true
  },
  "astralsorcery:root": {
    "criteria": {
      "astralsorcery_present": "2022-04-15 23:33:48 -0500"
    },
    "done": true
  },
  "minecraft:recipes/building_blocks/lime_concrete_powder": {
    "criteria": {
      "has_gravel": "2022-04-15 23:56:44 -0500"
    },
    "done": true
  },
  "pyrotech:stone_brick": {
    "criteria": {
      "crucible": "2022-04-16 00:49:54 -0500"
    },
    "done": true
  },
  "minecraft:story/mine_stone": {
    "criteria": {
      "get_stone": "2022-04-16 00:20:34 -0500"
    },
    "done": true
  },
  "biomesoplenty:biomesoplenty/all_biomes": {
    "criteria": {
      "woodland": "2022-04-15 23:36:04 -0500",
      "flower_field": "2022-04-16 00:10:21 -0500",
      "lush_swamp": "2022-04-16 00:09:03 -0500",
      "sacred_springs": "2022-04-15 23:48:34 -0500"
    },
    "done": false
  },
  "minecraft:recipes/building_blocks/yellow_concrete_powder": {
    "criteria": {
      "has_gravel": "2022-04-15 23:56:44 -0500"
    },
    "done": true
  },
  "biomesoplenty:recipes/transportation/boat_fir": {
    "criteria": {
      "entered_water": "2022-04-15 23:39:12 -0500"
    },
    "done": true
  },
  "minecraft:adventure/adventuring_time": {
    "criteria": {
      "forest": "2022-04-16 00:10:35 -0500",
      "beaches": "2022-04-15 23:33:39 -0500",
      "extreme_hills_with_trees": "2022-04-16 00:04:00 -0500",
      "ocean": "2022-04-15 23:36:59 -0500",
      "extreme_hills": "2022-04-15 23:40:07 -0500",
      "stone_beach": "2022-04-15 23:44:32 -0500"
    },
    "done": false
  },
  "minecraft:recipes/decorations/armor_stand": {
    "criteria": {
      "has_stone_slab": "2022-04-16 00:40:10 -0500"
    },
    "done": true
  },
  "roots:all_the_herbs_3": {
    "criteria": {
      "wildroot": "2022-04-15 23:37:25 -0500"
    },
    "done": false
  },
  "minecraft:recipes/redstone/trapdoor": {
    "criteria": {
      "has_planks": "2022-04-15 23:52:37 -0500"
    },
    "done": true
  },
  "pyrotech:stone": {
    "criteria": {
      "stone": "2022-04-16 00:40:12 -0500"
    },
    "done": true
  },
  "minecraft:recipes/decorations/ladder": {
    "criteria": {
      "has_stick": "2022-04-15 23:35:09 -0500"
    },
    "done": true
  },
  "pyrotech:straw_bale": {
    "criteria": {
      "straw": "2022-04-16 00:24:57 -0500"
    },
    "done": true
  },
  "minecraft:recipes/building_blocks/brown_concrete_powder": {
    "criteria": {
      "has_gravel": "2022-04-15 23:56:44 -0500"
    },
    "done": true
  },
  "minecraft:recipes/building_blocks/oak_stairs": {
    "criteria": {
      "has_planks": "2022-04-15 23:52:37 -0500"
    },
    "done": true
  },
  "biomesoplenty:recipes/transportation/boat_willow": {
    "criteria": {
      "entered_water": "2022-04-15 23:39:12 -0500"
    },
    "done": true
  },
  "minecraft:recipes/decorations/cobblestone_wall": {
    "criteria": {
      "has_cobblestone": "2022-04-16 00:20:34 -0500"
    },
    "done": true
  },
  "minecraft:recipes/building_blocks/green_concrete_powder": {
    "criteria": {
      "has_gravel": "2022-04-15 23:56:44 -0500"
    },
    "done": true
  },
  "biomesoplenty:recipes/transportation/boat_sacred_oak": {
    "criteria": {
      "entered_water": "2022-04-15 23:39:12 -0500"
    },
    "done": true
  },
  "minecraft:recipes/misc/red_dye_from_poppy": {
    "criteria": {
      "has_red_flower": "2022-04-16 00:23:01 -0500"
    },
    "done": true
  },
  "biomesoplenty:recipes/transportation/boat_pine": {
    "criteria": {
      "entered_water": "2022-04-15 23:39:12 -0500"
    },
    "done": true
  },
  "minecraft:recipes/redstone/wooden_pressure_plate": {
    "criteria": {
      "has_planks": "2022-04-15 23:52:37 -0500"
    },
    "done": true
  },
  "biomesoplenty:recipes/transportation/boat_redwood": {
    "criteria": {
      "entered_water": "2022-04-15 23:39:12 -0500"
    },
    "done": true
  },
  "minecraft:recipes/combat/arrow": {
    "criteria": {
      "has_flint": "2022-04-15 23:58:47 -0500"
    },
    "done": true
  },
  "minecraft:recipes/redstone/stone_pressure_plate": {
    "criteria": {
      "has_stone": "2022-04-16 00:40:12 -0500"
    },
    "done": true
  },
  "minecraft:recipes/decorations/sign": {
    "criteria": {
      "has_planks": "2022-04-15 23:52:37 -0500"
    },
    "done": true
  },
  "biomesoplenty:recipes/buildingblocks/coarse_loamy_dirt": {
    "criteria": {
      "has_gravel": "2022-04-15 23:56:44 -0500"
    },
    "done": true
  },
  "roots:root": {
    "criteria": {
      "auto": "2022-04-15 23:33:39 -0500"
    },
    "done": true
  },
  "minecraft:recipes/tools/flint_and_steel": {
    "criteria": {
      "has_flint": "2022-04-15 23:58:47 -0500"
    },
    "done": true
  },
  "minecraft:recipes/redstone/wooden_button": {
    "criteria": {
      "has_planks": "2022-04-15 23:52:37 -0500"
    },
    "done": true
  },
  "minecraft:recipes/building_blocks/white_concrete_powder": {
    "criteria": {
      "has_gravel": "2022-04-15 23:56:44 -0500"
    },
    "done": true
  },
  "minecraft:recipes/combat/wooden_sword": {
    "criteria": {
      "has_stick": "2022-04-15 23:35:09 -0500"
    },
    "done": true
  },
  "biomesoplenty:recipes/transportation/boat_ethereal": {
    "criteria": {
      "entered_water": "2022-04-15 23:39:12 -0500"
    },
    "done": true
  },
  "minecraft:recipes/building_blocks/blue_concrete_powder": {
    "criteria": {
      "has_gravel": "2022-04-15 23:56:44 -0500"
    },
    "done": true
  },
  "biomesoplenty:recipes/transportation/boat_cherry": {
    "criteria": {
      "entered_water": "2022-04-15 23:39:12 -0500"
    },
    "done": true
  },
  "minecraft:recipes/building_blocks/gray_concrete_powder": {
    "criteria": {
      "has_gravel": "2022-04-15 23:56:44 -0500"
    },
    "done": true
  },
  "biomesoplenty:recipes/transportation/boat_jacaranda": {
    "criteria": {
      "entered_water": "2022-04-15 23:39:12 -0500"
    },
    "done": true
  },
  "biomesoplenty:recipes/transportation/boat_umbran": {
    "criteria": {
      "entered_water": "2022-04-15 23:39:12 -0500"
    },
    "done": true
  },
  "minecraft:recipes/food/mushroom_stew": {
    "criteria": {
      "has_bowl": "2022-04-16 00:37:26 -0500"
    },
    "done": true
  },
  "minecraft:recipes/decorations/flower_pot": {
    "criteria": {
      "has_brick": "2022-04-16 00:56:30 -0500"
    },
    "done": true
  },
  "minecraft:recipes/food/cake": {
    "criteria": {
      "has_egg": "2022-04-16 00:08:16 -0500"
    },
    "done": true
  },
  "pyrotech:root": {
    "criteria": {
      "mod_item": "2022-04-15 23:37:09 -0500"
    },
    "done": true
  },
  "pyrotech:cobblestone": {
    "criteria": {
      "cobblestone": "2022-04-16 00:20:34 -0500"
    },
    "done": true
  },
  "minecraft:recipes/decorations/fence": {
    "criteria": {
      "has_planks": "2022-04-15 23:52:37 -0500"
    },
    "done": true
  },
  "minecraft:recipes/building_blocks/stonebrick": {
    "criteria": {
      "has_stone": "2022-04-16 00:40:12 -0500"
    },
    "done": true
  },
  "pyrotech:chopping_block": {
    "criteria": {
      "anvil": "2022-04-15 23:50:17 -0500"
    },
    "done": true
  },
  "biomesoplenty:recipes/food/bowl_of_rice": {
    "criteria": {
      "has_bowl": "2022-04-16 00:37:26 -0500"
    },
    "done": true
  },
  "minecraft:recipes/tools/lead": {
    "criteria": {
      "has_slime_ball": "2022-04-15 23:48:59 -0500"
    },
    "done": true
  },
  "pyrotech:pit_kiln": {
    "criteria": {
      "anvil": "2022-04-16 00:24:56 -0500"
    },
    "done": true
  },
  "minecraft:recipes/redstone/tripwire_hook": {
    "criteria": {
      "has_string": "2022-04-15 23:39:50 -0500"
    },
    "done": true
  },
  "minecraft:recipes/building_blocks/stone_stairs": {
    "criteria": {
      "has_cobblestone": "2022-04-16 00:20:34 -0500"
    },
    "done": true
  },
  "biomesoplenty:biomesoplenty/root": {
    "criteria": {
      "bop_flower_0": "2022-04-16 00:04:22 -0500"
    },
    "done": true
  },
  "minecraft:recipes/building_blocks/black_concrete_powder": {
    "criteria": {
      "has_gravel": "2022-04-15 23:56:44 -0500"
    },
    "done": true
  },
  "minecraft:recipes/building_blocks/coarse_dirt": {
    "criteria": {
      "has_gravel": "2022-04-15 23:56:44 -0500"
    },
    "done": true
  },
  "biomesoplenty:recipes/transportation/boat_magic": {
    "criteria": {
      "entered_water": "2022-04-15 23:39:12 -0500"
    },
    "done": true
  },
  "biomesoplenty:recipes/transportation/boat_ebony": {
    "criteria": {
      "entered_water": "2022-04-15 23:39:12 -0500"
    },
    "done": true
  },
  "biomesoplenty:recipes/transportation/boat_hellbark": {
    "criteria": {
      "entered_water": "2022-04-15 23:39:12 -0500"
    },
    "done": true
  },
  "minecraft:recipes/redstone/fence_gate": {
    "criteria": {
      "has_planks": "2022-04-15 23:52:37 -0500"
    },
    "done": true
  },
  "biomesoplenty:recipes/transportation/boat_mangrove": {
    "criteria": {
      "entered_water": "2022-04-15 23:39:12 -0500"
    },
    "done": true
  },
  "integrateddynamics:root": {
    "criteria": {
      "criteria_0": "2022-04-15 23:35:20 -0500"
    },
    "done": true
  },
  "minecraft:recipes/redstone/stone_button": {
    "criteria": {
      "has_stone": "2022-04-16 00:40:12 -0500"
    },
    "done": true
  },
  "pyrotech:dried_plant_fibers": {
    "criteria": {
      "dried_plant_fibers": "2022-04-15 23:37:21 -0500"
    },
    "done": true
  },
  "biomesoplenty:recipes/transportation/boat_palm": {
    "criteria": {
      "entered_water": "2022-04-15 23:39:12 -0500"
    },
    "done": true
  },
  "pyrotech:granite_anvil": {
    "criteria": {
      "anvil": "2022-04-16 00:40:24 -0500"
    },
    "done": true
  },
  "enderioconduits:root": {
    "criteria": {
      "inv_changed-enderio:gravel": "2022-04-15 23:56:44 -0500",
      "inv_changed-enderio:clay": "2022-04-16 00:28:50 -0500"
    },
    "done": false
  },
  "minecraft:recipes/building_blocks/light_gray_concrete_powder": {
    "criteria": {
      "has_gravel": "2022-04-15 23:56:44 -0500"
    },
    "done": true
  },
  "minecraft:recipes/building_blocks/light_blue_concrete_powder": {
    "criteria": {
      "has_gravel": "2022-04-15 23:56:44 -0500"
    },
    "done": true
  },
  "nuclearcraft:root": {
    "criteria": {
      "location": "2022-04-15 23:33:39 -0500"
    },
    "done": true
  },
  "minecraft:recipes/building_blocks/brick_block": {
    "criteria": {
      "has_brick": "2022-04-16 00:56:30 -0500"
    },
    "done": true
  },
  "minecraft:recipes/redstone/wooden_door": {
    "criteria": {
      "has_planks": "2022-04-15 23:52:37 -0500"
    },
    "done": true
  },
  "minecraft:recipes/building_blocks/orange_concrete_powder": {
    "criteria": {
      "has_gravel": "2022-04-15 23:56:44 -0500"
    },
    "done": true
  },
  "biomesoplenty:recipes/transportation/boat_eucalyptus": {
    "criteria": {
      "entered_water": "2022-04-15 23:39:12 -0500"
    },
    "done": true
  },
  "pyrotech:flint_and_tinder": {
    "criteria": {
      "campfire": "2022-04-16 00:24:02 -0500"
    },
    "done": true
  },
  "minecraft:recipes/building_blocks/chiseled_stonebrick": {
    "criteria": {
      "has_stonebrick": "2022-04-16 00:47:59 -0500"
    },
    "done": true
  },
  "minecraft:recipes/building_blocks/cyan_concrete_powder": {
    "criteria": {
      "has_gravel": "2022-04-15 23:56:44 -0500"
    },
    "done": true
  },
  "minecraft:recipes/building_blocks/stone_brick_stairs": {
    "criteria": {
      "has_stonebrick": "2022-04-16 00:47:59 -0500"
    },
    "done": true
  },
  "twilightforest:alt/compat/tconstruct": {
    "criteria": {
      "book": "2022-04-15 23:33:34 -0500"
    },
    "done": true
  }
}